-- phpMyAdmin SQL Dump
-- version 5.1.1
-- https://www.phpmyadmin.net/
--
-- Servidor: 127.0.0.1:3306
-- Tiempo de generación: 16-06-2025 a las 03:33:58
-- Versión del servidor: 5.7.36
-- Versión de PHP: 7.4.26

SET SQL_MODE = "NO_AUTO_VALUE_ON_ZERO";
START TRANSACTION;
SET time_zone = "+00:00";


/*!40101 SET @OLD_CHARACTER_SET_CLIENT=@@CHARACTER_SET_CLIENT */;
/*!40101 SET @OLD_CHARACTER_SET_RESULTS=@@CHARACTER_SET_RESULTS */;
/*!40101 SET @OLD_COLLATION_CONNECTION=@@COLLATION_CONNECTION */;
/*!40101 SET NAMES utf8mb4 */;

--
-- Base de datos: `if0_38922247_pokebuilder`
--
CREATE DATABASE IF NOT EXISTS `if0_38922247_pokebuilder` DEFAULT CHARACTER SET utf8 COLLATE utf8_spanish_ci;
USE `if0_38922247_pokebuilder`;

-- --------------------------------------------------------

--
-- Estructura de tabla para la tabla `1er_pokemon`
--

DROP TABLE IF EXISTS `1er_pokemon`;
CREATE TABLE IF NOT EXISTS `1er_pokemon` (
  `ID_1erPokemon` int(11) NOT NULL AUTO_INCREMENT,
  `fk_pokemon` int(11) NOT NULL,
  `nivell` int(11) NOT NULL,
  `genere` tinyint(1) NOT NULL,
  `shiny` tinyint(1) NOT NULL,
  `IvPS` int(11) NOT NULL,
  `IvAtac` int(11) NOT NULL,
  `IvDefensa` int(11) NOT NULL,
  `IvAtEspecial` int(11) NOT NULL,
  `IvDefEspecial` int(11) NOT NULL,
  `IvVelocitat` int(11) NOT NULL,
  `EvPS` int(11) NOT NULL,
  `EvAtac` int(11) NOT NULL,
  `EvDefensa` int(11) NOT NULL,
  `EvAtEspecial` int(11) NOT NULL,
  `EvDefEspecial` int(11) NOT NULL,
  `EvVelocitat` int(11) NOT NULL,
  `fk_mov1` int(11) DEFAULT NULL,
  `fk_mov2` int(11) DEFAULT NULL,
  `fk_mov3` int(11) DEFAULT NULL,
  `fk_mov4` int(11) DEFAULT NULL,
  PRIMARY KEY (`ID_1erPokemon`),
  KEY `fk_pkmn1` (`fk_pokemon`),
  KEY `fk_pk1_mv1` (`fk_mov1`),
  KEY `fk_pk1_mv2` (`fk_mov2`),
  KEY `fk_pk1_mv3` (`fk_mov3`),
  KEY `fk_pk1_mv4` (`fk_mov4`)
) ENGINE=InnoDB AUTO_INCREMENT=16 DEFAULT CHARSET=utf8mb4 COLLATE=utf8mb4_spanish2_ci;

--
-- Volcado de datos para la tabla `1er_pokemon`
--

INSERT INTO `1er_pokemon` (`ID_1erPokemon`, `fk_pokemon`, `nivell`, `genere`, `shiny`, `IvPS`, `IvAtac`, `IvDefensa`, `IvAtEspecial`, `IvDefEspecial`, `IvVelocitat`, `EvPS`, `EvAtac`, `EvDefensa`, `EvAtEspecial`, `EvDefEspecial`, `EvVelocitat`, `fk_mov1`, `fk_mov2`, `fk_mov3`, `fk_mov4`) VALUES
(5, 18, 50, 0, 1, 0, 31, 0, 0, 0, 0, 255, 0, 0, 0, 0, 0, 157, 13, NULL, NULL),
(6, 18, 50, 0, 1, 0, 31, 0, 0, 0, 0, 255, 0, 0, 0, 0, 0, 157, 13, NULL, NULL),
(7, 18, 50, 0, 1, 0, 31, 0, 0, 0, 0, 255, 0, 0, 0, 0, 0, 157, 13, NULL, NULL),
(9, 18, 50, 0, 1, 0, 31, 0, 0, 0, 0, 255, 0, 0, 0, 0, 0, 157, 13, NULL, NULL),
(13, 12, 50, 0, 0, 0, 0, 0, 0, 0, 0, 0, 0, 0, 0, 0, 0, NULL, NULL, NULL, NULL),
(15, 12, 50, 0, 0, 0, 0, 0, 0, 0, 0, 0, 0, 0, 0, 0, 0, 122, 93, 107, 158);

-- --------------------------------------------------------

--
-- Estructura de tabla para la tabla `2on_pokemon`
--

DROP TABLE IF EXISTS `2on_pokemon`;
CREATE TABLE IF NOT EXISTS `2on_pokemon` (
  `ID_1erPokemon` int(11) NOT NULL AUTO_INCREMENT,
  `fk_pokemon` int(11) NOT NULL,
  `nivell` int(11) NOT NULL,
  `genere` tinyint(1) NOT NULL,
  `shiny` tinyint(1) NOT NULL,
  `IvPS` int(11) NOT NULL,
  `IvAtac` int(11) NOT NULL,
  `IvDefensa` int(11) NOT NULL,
  `IvAtEspecial` int(11) NOT NULL,
  `IvDefEspecial` int(11) NOT NULL,
  `IvVelocitat` int(11) NOT NULL,
  `EvPS` int(11) NOT NULL,
  `EvAtac` int(11) NOT NULL,
  `EvDefensa` int(11) NOT NULL,
  `EvAtEspecial` int(11) NOT NULL,
  `EvDefEspecial` int(11) NOT NULL,
  `EvVelocitat` int(11) NOT NULL,
  `fk_mov1` int(11) DEFAULT NULL,
  `fk_mov2` int(11) DEFAULT NULL,
  `fk_mov3` int(11) DEFAULT NULL,
  `fk_mov4` int(11) DEFAULT NULL,
  PRIMARY KEY (`ID_1erPokemon`),
  KEY `fk_pkmn2` (`fk_pokemon`),
  KEY `fk_pk2_mv1` (`fk_mov1`),
  KEY `fk_pk2_mv2` (`fk_mov2`),
  KEY `fk_pk2_mv3` (`fk_mov3`),
  KEY `fk_pk2_mv4` (`fk_mov4`)
) ENGINE=InnoDB AUTO_INCREMENT=12 DEFAULT CHARSET=utf8mb4 COLLATE=utf8mb4_spanish2_ci;

--
-- Volcado de datos para la tabla `2on_pokemon`
--

INSERT INTO `2on_pokemon` (`ID_1erPokemon`, `fk_pokemon`, `nivell`, `genere`, `shiny`, `IvPS`, `IvAtac`, `IvDefensa`, `IvAtEspecial`, `IvDefEspecial`, `IvVelocitat`, `EvPS`, `EvAtac`, `EvDefensa`, `EvAtEspecial`, `EvDefEspecial`, `EvVelocitat`, `fk_mov1`, `fk_mov2`, `fk_mov3`, `fk_mov4`) VALUES
(1, 1, 50, 0, 0, 31, 0, 0, 0, 0, 0, 0, 0, 0, 0, 0, 0, 54, 80, NULL, NULL),
(2, 1, 50, 0, 0, 31, 0, 0, 0, 0, 0, 0, 0, 0, 0, 0, 0, 54, 80, NULL, NULL),
(3, 1, 50, 0, 0, 31, 0, 0, 0, 0, 0, 0, 0, 0, 0, 0, 0, 54, 80, NULL, NULL),
(5, 1, 50, 0, 0, 31, 0, 0, 0, 0, 0, 0, 0, 0, 0, 0, 0, 54, 80, NULL, NULL),
(9, 47, 50, 0, 0, 0, 0, 0, 0, 0, 0, 0, 0, 0, 0, 0, 0, NULL, NULL, NULL, NULL),
(11, 18, 50, 0, 0, 0, 0, 0, 31, 0, 31, 0, 0, 150, 0, 0, 0, 157, 96, 5, 139);

-- --------------------------------------------------------

--
-- Estructura de tabla para la tabla `3er_pokemon`
--

DROP TABLE IF EXISTS `3er_pokemon`;
CREATE TABLE IF NOT EXISTS `3er_pokemon` (
  `ID_1erPokemon` int(11) NOT NULL AUTO_INCREMENT,
  `fk_pokemon` int(11) NOT NULL,
  `nivell` int(11) NOT NULL,
  `genere` tinyint(1) NOT NULL,
  `shiny` tinyint(1) NOT NULL,
  `IvPS` int(11) NOT NULL,
  `IvAtac` int(11) NOT NULL,
  `IvDefensa` int(11) NOT NULL,
  `IvAtEspecial` int(11) NOT NULL,
  `IvDefEspecial` int(11) NOT NULL,
  `IvVelocitat` int(11) NOT NULL,
  `EvPS` int(11) NOT NULL,
  `EvAtac` int(11) NOT NULL,
  `EvDefensa` int(11) NOT NULL,
  `EvAtEspecial` int(11) NOT NULL,
  `EvDefEspecial` int(11) NOT NULL,
  `EvVelocitat` int(11) NOT NULL,
  `fk_mov1` int(11) DEFAULT NULL,
  `fk_mov2` int(11) DEFAULT NULL,
  `fk_mov3` int(11) DEFAULT NULL,
  `fk_mov4` int(11) DEFAULT NULL,
  PRIMARY KEY (`ID_1erPokemon`),
  KEY `fk_pkmn3` (`fk_pokemon`),
  KEY `fk_pk3_mv1` (`fk_mov1`),
  KEY `fk_pk3_mv2` (`fk_mov2`),
  KEY `fk_pk3_mv3` (`fk_mov3`),
  KEY `fk_pk3_mv4` (`fk_mov4`)
) ENGINE=InnoDB AUTO_INCREMENT=12 DEFAULT CHARSET=utf8mb4 COLLATE=utf8mb4_spanish2_ci;

--
-- Volcado de datos para la tabla `3er_pokemon`
--

INSERT INTO `3er_pokemon` (`ID_1erPokemon`, `fk_pokemon`, `nivell`, `genere`, `shiny`, `IvPS`, `IvAtac`, `IvDefensa`, `IvAtEspecial`, `IvDefEspecial`, `IvVelocitat`, `EvPS`, `EvAtac`, `EvDefensa`, `EvAtEspecial`, `EvDefEspecial`, `EvVelocitat`, `fk_mov1`, `fk_mov2`, `fk_mov3`, `fk_mov4`) VALUES
(1, 13, 50, 1, 0, 0, 31, 0, 0, 0, 0, 0, 0, 0, 0, 0, 0, 50, 114, NULL, NULL),
(2, 13, 50, 1, 0, 0, 31, 0, 0, 0, 0, 0, 0, 0, 0, 0, 0, 50, 114, NULL, NULL),
(3, 13, 50, 1, 0, 0, 31, 0, 0, 0, 0, 0, 0, 0, 0, 0, 0, 50, 114, NULL, NULL),
(5, 13, 50, 1, 0, 0, 31, 0, 0, 0, 0, 0, 0, 0, 0, 0, 0, 50, 114, NULL, NULL),
(9, 71, 50, 0, 0, 0, 0, 0, 0, 0, 0, 0, 0, 0, 0, 0, 0, NULL, NULL, NULL, NULL),
(11, 9, 50, 0, 0, 0, 31, 0, 31, 0, 31, 0, 255, 150, 0, 0, 0, 151, 163, 53, 36);

-- --------------------------------------------------------

--
-- Estructura de tabla para la tabla `4rt_pokemon`
--

DROP TABLE IF EXISTS `4rt_pokemon`;
CREATE TABLE IF NOT EXISTS `4rt_pokemon` (
  `ID_1erPokemon` int(11) NOT NULL AUTO_INCREMENT,
  `fk_pokemon` int(11) NOT NULL,
  `nivell` int(11) NOT NULL,
  `genere` tinyint(1) NOT NULL,
  `shiny` tinyint(1) NOT NULL,
  `IvPS` int(11) NOT NULL,
  `IvAtac` int(11) NOT NULL,
  `IvDefensa` int(11) NOT NULL,
  `IvAtEspecial` int(11) NOT NULL,
  `IvDefEspecial` int(11) NOT NULL,
  `IvVelocitat` int(11) NOT NULL,
  `EvPS` int(11) NOT NULL,
  `EvAtac` int(11) NOT NULL,
  `EvDefensa` int(11) NOT NULL,
  `EvAtEspecial` int(11) NOT NULL,
  `EvDefEspecial` int(11) NOT NULL,
  `EvVelocitat` int(11) NOT NULL,
  `fk_mov1` int(11) DEFAULT NULL,
  `fk_mov2` int(11) DEFAULT NULL,
  `fk_mov3` int(11) DEFAULT NULL,
  `fk_mov4` int(11) DEFAULT NULL,
  PRIMARY KEY (`ID_1erPokemon`),
  KEY `fk_pkmn4` (`fk_pokemon`),
  KEY `fk_pk4_mv1` (`fk_mov1`),
  KEY `fk_pk4_mv2` (`fk_mov2`),
  KEY `fk_pk4_mv3` (`fk_mov3`),
  KEY `fk_pk4_mv4` (`fk_mov4`)
) ENGINE=InnoDB AUTO_INCREMENT=12 DEFAULT CHARSET=utf8mb4 COLLATE=utf8mb4_spanish2_ci;

--
-- Volcado de datos para la tabla `4rt_pokemon`
--

INSERT INTO `4rt_pokemon` (`ID_1erPokemon`, `fk_pokemon`, `nivell`, `genere`, `shiny`, `IvPS`, `IvAtac`, `IvDefensa`, `IvAtEspecial`, `IvDefEspecial`, `IvVelocitat`, `EvPS`, `EvAtac`, `EvDefensa`, `EvAtEspecial`, `EvDefEspecial`, `EvVelocitat`, `fk_mov1`, `fk_mov2`, `fk_mov3`, `fk_mov4`) VALUES
(1, 10, 50, 0, 1, 0, 0, 0, 0, 0, 0, 0, 255, 0, 0, 0, 0, 118, 50, NULL, NULL),
(2, 10, 50, 0, 1, 0, 0, 0, 0, 0, 0, 0, 255, 0, 0, 0, 0, 118, 50, NULL, NULL),
(3, 10, 50, 0, 1, 0, 0, 0, 0, 0, 0, 0, 255, 0, 0, 0, 0, 118, 50, NULL, NULL),
(5, 10, 50, 0, 1, 0, 0, 0, 0, 0, 0, 0, 255, 0, 0, 0, 0, 118, 50, NULL, NULL),
(9, 91, 50, 0, 0, 0, 0, 0, 0, 0, 0, 0, 0, 0, 0, 0, 0, NULL, NULL, NULL, NULL),
(11, 1, 50, 0, 0, 0, 0, 0, 31, 0, 31, 0, 0, 150, 255, 0, 0, 134, 56, 152, 44);

-- --------------------------------------------------------

--
-- Estructura de tabla para la tabla `5e_pokemon`
--

DROP TABLE IF EXISTS `5e_pokemon`;
CREATE TABLE IF NOT EXISTS `5e_pokemon` (
  `ID_1erPokemon` int(11) NOT NULL AUTO_INCREMENT,
  `fk_pokemon` int(11) NOT NULL,
  `nivell` int(11) NOT NULL,
  `genere` tinyint(1) NOT NULL,
  `shiny` tinyint(1) NOT NULL,
  `IvPS` int(11) NOT NULL,
  `IvAtac` int(11) NOT NULL,
  `IvDefensa` int(11) NOT NULL,
  `IvAtEspecial` int(11) NOT NULL,
  `IvDefEspecial` int(11) NOT NULL,
  `IvVelocitat` int(11) NOT NULL,
  `EvPS` int(11) NOT NULL,
  `EvAtac` int(11) NOT NULL,
  `EvDefensa` int(11) NOT NULL,
  `EvAtEspecial` int(11) NOT NULL,
  `EvDefEspecial` int(11) NOT NULL,
  `EvVelocitat` int(11) NOT NULL,
  `fk_mov1` int(11) DEFAULT NULL,
  `fk_mov2` int(11) DEFAULT NULL,
  `fk_mov3` int(11) DEFAULT NULL,
  `fk_mov4` int(11) DEFAULT NULL,
  PRIMARY KEY (`ID_1erPokemon`),
  KEY `fk_pkmn5` (`fk_pokemon`),
  KEY `fk_pk5_mv1` (`fk_mov1`),
  KEY `fk_pk5_mv2` (`fk_mov2`),
  KEY `fk_pk5_mv3` (`fk_mov3`),
  KEY `fk_pk5_mv4` (`fk_mov4`)
) ENGINE=InnoDB AUTO_INCREMENT=12 DEFAULT CHARSET=utf8mb4 COLLATE=utf8mb4_spanish2_ci;

--
-- Volcado de datos para la tabla `5e_pokemon`
--

INSERT INTO `5e_pokemon` (`ID_1erPokemon`, `fk_pokemon`, `nivell`, `genere`, `shiny`, `IvPS`, `IvAtac`, `IvDefensa`, `IvAtEspecial`, `IvDefEspecial`, `IvVelocitat`, `EvPS`, `EvAtac`, `EvDefensa`, `EvAtEspecial`, `EvDefEspecial`, `EvVelocitat`, `fk_mov1`, `fk_mov2`, `fk_mov3`, `fk_mov4`) VALUES
(1, 5, 50, 1, 0, 0, 0, 0, 0, 0, 0, 255, 0, 0, 0, 0, 0, 66, 41, NULL, NULL),
(2, 5, 50, 1, 0, 0, 0, 0, 0, 0, 0, 255, 0, 0, 0, 0, 0, 66, 41, NULL, NULL),
(3, 5, 50, 1, 0, 0, 0, 0, 0, 0, 0, 255, 0, 0, 0, 0, 0, 66, 41, NULL, NULL),
(5, 5, 50, 1, 0, 0, 0, 0, 0, 0, 0, 255, 0, 0, 0, 0, 0, 66, 41, NULL, NULL),
(9, 145, 50, 0, 0, 0, 0, 0, 0, 0, 0, 0, 0, 0, 0, 0, 0, NULL, NULL, NULL, NULL),
(11, 20, 50, 0, 0, 0, 31, 0, 31, 0, 31, 0, 0, 150, 255, 0, 0, 77, 131, NULL, NULL);

-- --------------------------------------------------------

--
-- Estructura de tabla para la tabla `6e_pokemon`
--

DROP TABLE IF EXISTS `6e_pokemon`;
CREATE TABLE IF NOT EXISTS `6e_pokemon` (
  `ID_1erPokemon` int(11) NOT NULL AUTO_INCREMENT,
  `fk_pokemon` int(11) NOT NULL,
  `nivell` int(11) NOT NULL,
  `genere` tinyint(1) NOT NULL,
  `shiny` tinyint(1) NOT NULL,
  `IvPS` int(11) NOT NULL,
  `IvAtac` int(11) NOT NULL,
  `IvDefensa` int(11) NOT NULL,
  `IvAtEspecial` int(11) NOT NULL,
  `IvDefEspecial` int(11) NOT NULL,
  `IvVelocitat` int(11) NOT NULL,
  `EvPS` int(11) NOT NULL,
  `EvAtac` int(11) NOT NULL,
  `EvDefensa` int(11) NOT NULL,
  `EvAtEspecial` int(11) NOT NULL,
  `EvDefEspecial` int(11) NOT NULL,
  `EvVelocitat` int(11) NOT NULL,
  `fk_mov1` int(11) DEFAULT NULL,
  `fk_mov2` int(11) DEFAULT NULL,
  `fk_mov3` int(11) DEFAULT NULL,
  `fk_mov4` int(11) DEFAULT NULL,
  PRIMARY KEY (`ID_1erPokemon`),
  KEY `fk_pkmn6` (`fk_pokemon`),
  KEY `fk_pk6_mv1` (`fk_mov1`),
  KEY `fk_pk6_mv2` (`fk_mov2`),
  KEY `fk_pk6_mv3` (`fk_mov3`),
  KEY `fk_pk6_mv4` (`fk_mov4`)
) ENGINE=InnoDB AUTO_INCREMENT=11 DEFAULT CHARSET=utf8mb4 COLLATE=utf8mb4_spanish2_ci;

--
-- Volcado de datos para la tabla `6e_pokemon`
--

INSERT INTO `6e_pokemon` (`ID_1erPokemon`, `fk_pokemon`, `nivell`, `genere`, `shiny`, `IvPS`, `IvAtac`, `IvDefensa`, `IvAtEspecial`, `IvDefEspecial`, `IvVelocitat`, `EvPS`, `EvAtac`, `EvDefensa`, `EvAtEspecial`, `EvDefEspecial`, `EvVelocitat`, `fk_mov1`, `fk_mov2`, `fk_mov3`, `fk_mov4`) VALUES
(1, 34, 50, 1, 1, 31, 31, 0, 0, 0, 0, 255, 255, 0, 0, 0, 0, 55, 89, NULL, NULL),
(2, 34, 50, 1, 1, 31, 31, 0, 0, 0, 0, 255, 255, 0, 0, 0, 0, 55, 89, NULL, NULL),
(3, 34, 50, 1, 1, 31, 31, 0, 0, 0, 0, 255, 255, 0, 0, 0, 0, 55, 89, NULL, NULL),
(5, 34, 50, 1, 1, 31, 31, 0, 0, 0, 0, 255, 255, 0, 0, 0, 0, 55, 89, NULL, NULL),
(10, 45, 50, 0, 0, 0, 31, 0, 31, 0, 31, 0, 0, 150, 255, 0, 0, 93, 158, NULL, NULL);

-- --------------------------------------------------------

--
-- Estructura de tabla para la tabla `efectivitat`
--

DROP TABLE IF EXISTS `efectivitat`;
CREATE TABLE IF NOT EXISTS `efectivitat` (
  `ID_efectivitat` int(11) NOT NULL AUTO_INCREMENT,
  `ID_tipoAt` int(11) NOT NULL,
  `ID_tipoDe` int(11) NOT NULL,
  `dmg` decimal(4,2) NOT NULL,
  PRIMARY KEY (`ID_efectivitat`),
  KEY `fk_TipoAtac` (`ID_tipoAt`),
  KEY `fk_TipoDef` (`ID_tipoDe`)
) ENGINE=InnoDB AUTO_INCREMENT=226 DEFAULT CHARSET=utf8mb4 COLLATE=utf8mb4_spanish2_ci;

--
-- Volcado de datos para la tabla `efectivitat`
--

INSERT INTO `efectivitat` (`ID_efectivitat`, `ID_tipoAt`, `ID_tipoDe`, `dmg`) VALUES
(1, 1, 1, '1.00'),
(2, 1, 2, '1.00'),
(3, 1, 3, '1.00'),
(4, 1, 4, '1.00'),
(5, 1, 5, '1.00'),
(6, 1, 6, '1.00'),
(7, 1, 7, '1.00'),
(8, 1, 8, '1.00'),
(9, 1, 9, '0.00'),
(10, 1, 10, '1.00'),
(11, 1, 11, '1.00'),
(12, 1, 12, '1.00'),
(13, 1, 13, '0.50'),
(14, 1, 14, '1.00'),
(15, 1, 15, '1.00'),
(16, 2, 1, '1.00'),
(17, 2, 2, '0.50'),
(18, 2, 3, '0.50'),
(19, 2, 4, '2.00'),
(20, 2, 5, '1.00'),
(21, 2, 6, '0.50'),
(22, 2, 7, '0.50'),
(23, 2, 8, '1.00'),
(24, 2, 9, '1.00'),
(25, 2, 10, '1.00'),
(26, 2, 11, '1.00'),
(27, 2, 12, '0.50'),
(28, 2, 13, '2.00'),
(29, 2, 14, '2.00'),
(30, 2, 15, '0.50'),
(31, 3, 1, '1.00'),
(32, 3, 2, '2.00'),
(33, 3, 3, '0.50'),
(34, 3, 4, '0.50'),
(35, 3, 5, '1.00'),
(36, 3, 6, '2.00'),
(37, 3, 7, '1.00'),
(38, 3, 8, '1.00'),
(39, 3, 9, '1.00'),
(40, 3, 10, '1.00'),
(41, 3, 11, '1.00'),
(42, 3, 12, '1.00'),
(43, 3, 13, '0.50'),
(44, 3, 14, '1.00'),
(45, 3, 15, '0.50'),
(46, 4, 1, '1.00'),
(47, 4, 2, '0.50'),
(48, 4, 3, '2.00'),
(49, 4, 4, '0.50'),
(50, 4, 5, '1.00'),
(51, 4, 6, '1.00'),
(52, 4, 7, '1.00'),
(53, 4, 8, '1.00'),
(54, 4, 9, '1.00'),
(55, 4, 10, '1.00'),
(56, 4, 11, '1.00'),
(57, 4, 12, '0.50'),
(58, 4, 13, '2.00'),
(59, 4, 14, '2.00'),
(60, 4, 15, '1.00'),
(61, 5, 1, '2.00'),
(62, 5, 2, '1.00'),
(63, 5, 3, '1.00'),
(64, 5, 4, '1.00'),
(65, 5, 5, '1.00'),
(66, 5, 6, '0.50'),
(67, 5, 7, '0.50'),
(68, 5, 8, '0.50'),
(69, 5, 9, '0.00'),
(70, 5, 10, '1.00'),
(71, 5, 11, '2.00'),
(72, 5, 12, '1.00'),
(73, 5, 13, '2.00'),
(74, 5, 14, '1.00'),
(75, 5, 15, '0.50'),
(76, 6, 1, '1.00'),
(77, 6, 2, '2.00'),
(78, 6, 3, '0.50'),
(79, 6, 4, '1.00'),
(80, 6, 5, '0.50'),
(81, 6, 6, '1.00'),
(82, 6, 7, '2.00'),
(83, 6, 8, '2.00'),
(84, 6, 9, '0.50'),
(85, 6, 10, '1.00'),
(86, 6, 11, '1.00'),
(87, 6, 12, '1.00'),
(88, 6, 13, '1.00'),
(89, 6, 14, '1.00'),
(90, 6, 15, '0.50'),
(91, 7, 1, '1.00'),
(92, 7, 2, '2.00'),
(93, 7, 3, '1.00'),
(94, 7, 4, '1.00'),
(95, 7, 5, '1.00'),
(96, 7, 6, '2.00'),
(97, 7, 7, '0.50'),
(98, 7, 8, '1.00'),
(99, 7, 9, '0.50'),
(100, 7, 10, '1.00'),
(101, 7, 11, '1.00'),
(102, 7, 12, '1.00'),
(103, 7, 13, '0.50'),
(104, 7, 14, '0.50'),
(105, 7, 15, '1.00'),
(106, 8, 1, '1.00'),
(107, 8, 2, '1.00'),
(108, 8, 3, '1.00'),
(109, 8, 4, '1.00'),
(110, 8, 5, '2.00'),
(111, 8, 6, '1.00'),
(112, 8, 7, '2.00'),
(113, 8, 8, '0.50'),
(114, 8, 9, '1.00'),
(115, 8, 10, '1.00'),
(116, 8, 11, '1.00'),
(117, 8, 12, '1.00'),
(118, 8, 13, '1.00'),
(119, 8, 14, '1.00'),
(120, 8, 15, '1.00'),
(121, 9, 1, '0.00'),
(122, 9, 2, '1.00'),
(123, 9, 3, '1.00'),
(124, 9, 4, '1.00'),
(125, 9, 5, '1.00'),
(126, 9, 6, '1.00'),
(127, 9, 7, '1.00'),
(128, 9, 8, '0.00'),
(129, 9, 9, '2.00'),
(130, 9, 10, '1.00'),
(131, 9, 11, '1.00'),
(132, 9, 12, '1.00'),
(133, 9, 13, '1.00'),
(134, 9, 14, '1.00'),
(135, 9, 15, '1.00'),
(136, 10, 1, '1.00'),
(137, 10, 2, '1.00'),
(138, 10, 3, '1.00'),
(139, 10, 4, '1.00'),
(140, 10, 5, '1.00'),
(141, 10, 6, '1.00'),
(142, 10, 7, '1.00'),
(143, 10, 8, '0.50'),
(144, 10, 9, '1.00'),
(145, 10, 10, '1.00'),
(146, 10, 11, '1.00'),
(147, 10, 12, '1.00'),
(148, 10, 13, '1.00'),
(149, 10, 14, '0.00'),
(150, 10, 15, '2.00'),
(151, 11, 1, '1.00'),
(152, 11, 2, '2.00'),
(153, 11, 3, '1.00'),
(154, 11, 4, '0.50'),
(155, 11, 5, '1.00'),
(156, 11, 6, '1.00'),
(157, 11, 7, '1.00'),
(158, 11, 8, '1.00'),
(159, 11, 9, '1.00'),
(160, 11, 10, '1.00'),
(161, 11, 11, '1.00'),
(162, 11, 12, '2.00'),
(163, 11, 13, '1.00'),
(164, 11, 14, '2.00'),
(165, 11, 15, '2.00'),
(166, 12, 1, '1.00'),
(167, 12, 2, '1.00'),
(168, 12, 3, '1.00'),
(169, 12, 4, '1.00'),
(170, 12, 5, '1.00'),
(171, 12, 6, '1.00'),
(172, 12, 7, '1.00'),
(173, 12, 8, '1.00'),
(174, 12, 9, '1.00'),
(175, 12, 10, '1.00'),
(176, 12, 11, '1.00'),
(177, 12, 12, '2.00'),
(178, 12, 13, '1.00'),
(179, 12, 14, '1.00'),
(180, 12, 15, '1.00'),
(181, 13, 1, '1.00'),
(182, 13, 2, '1.00'),
(183, 13, 3, '2.00'),
(184, 13, 4, '1.00'),
(185, 13, 5, '0.50'),
(186, 13, 6, '2.00'),
(187, 13, 7, '1.00'),
(188, 13, 8, '1.00'),
(189, 13, 9, '1.00'),
(190, 13, 10, '1.00'),
(191, 13, 11, '2.00'),
(192, 13, 12, '1.00'),
(193, 13, 13, '1.00'),
(194, 13, 14, '0.50'),
(195, 13, 15, '2.00'),
(196, 14, 1, '1.00'),
(197, 14, 2, '0.50'),
(198, 14, 3, '2.00'),
(199, 14, 4, '1.00'),
(200, 14, 5, '1.00'),
(201, 14, 6, '0.50'),
(202, 14, 7, '2.00'),
(203, 14, 8, '1.00'),
(204, 14, 9, '1.00'),
(205, 14, 10, '2.00'),
(206, 14, 11, '1.00'),
(207, 14, 12, '1.00'),
(208, 14, 13, '2.00'),
(209, 14, 14, '1.00'),
(210, 14, 15, '0.00'),
(211, 15, 1, '1.00'),
(212, 15, 2, '2.00'),
(213, 15, 3, '1.00'),
(214, 15, 4, '1.00'),
(215, 15, 5, '2.00'),
(216, 15, 6, '2.00'),
(217, 15, 7, '1.00'),
(218, 15, 8, '1.00'),
(219, 15, 9, '1.00'),
(220, 15, 10, '0.50'),
(221, 15, 11, '1.00'),
(222, 15, 12, '1.00'),
(223, 15, 13, '0.50'),
(224, 15, 14, '1.00'),
(225, 15, 15, '1.00');

-- --------------------------------------------------------

--
-- Estructura de tabla para la tabla `equips_pokemon`
--

DROP TABLE IF EXISTS `equips_pokemon`;
CREATE TABLE IF NOT EXISTS `equips_pokemon` (
  `ID_equipsPokemon` int(11) NOT NULL AUTO_INCREMENT,
  `fk_1er_pokemon` int(11) NOT NULL,
  `fk_2on_pokemon` int(11) NOT NULL,
  `fk_3er_pokemon` int(11) NOT NULL,
  `fk_4rt_pokemon` int(11) NOT NULL,
  `fk_5e_pokemon` int(11) NOT NULL,
  `fk_6e_pokemon` int(11) NOT NULL,
  `fk_usuari` int(11) NOT NULL,
  `estrategia` varchar(500) COLLATE utf8mb4_spanish2_ci DEFAULT NULL,
  PRIMARY KEY (`ID_equipsPokemon`),
  KEY `fk_1r` (`fk_1er_pokemon`),
  KEY `fk_2n` (`fk_2on_pokemon`),
  KEY `fk_3r` (`fk_3er_pokemon`),
  KEY `fk_4t` (`fk_4rt_pokemon`),
  KEY `fk_5e` (`fk_5e_pokemon`),
  KEY `fk_6e` (`fk_6e_pokemon`),
  KEY `fk_usr` (`fk_usuari`)
) ENGINE=InnoDB AUTO_INCREMENT=8 DEFAULT CHARSET=utf8mb4 COLLATE=utf8mb4_spanish2_ci;

--
-- Volcado de datos para la tabla `equips_pokemon`
--

INSERT INTO `equips_pokemon` (`ID_equipsPokemon`, `fk_1er_pokemon`, `fk_2on_pokemon`, `fk_3er_pokemon`, `fk_4rt_pokemon`, `fk_5e_pokemon`, `fk_6e_pokemon`, `fk_usuari`, `estrategia`) VALUES
(7, 15, 11, 11, 11, 11, 10, 1, 'holaaa robert');

-- --------------------------------------------------------

--
-- Estructura de tabla para la tabla `moviments`
--

DROP TABLE IF EXISTS `moviments`;
CREATE TABLE IF NOT EXISTS `moviments` (
  `ID_moviment` int(11) NOT NULL AUTO_INCREMENT,
  `nom` varchar(100) COLLATE utf8mb4_spanish2_ci NOT NULL,
  `id_tipo` int(11) NOT NULL,
  `classe` varchar(100) COLLATE utf8mb4_spanish2_ci NOT NULL,
  `potencia` int(11) DEFAULT NULL,
  `precisio` int(11) DEFAULT NULL,
  `PP` int(11) NOT NULL,
  `descripcio` varchar(500) COLLATE utf8mb4_spanish2_ci NOT NULL,
  PRIMARY KEY (`ID_moviment`),
  KEY `fk_tipo` (`id_tipo`)
) ENGINE=InnoDB AUTO_INCREMENT=167 DEFAULT CHARSET=utf8mb4 COLLATE=utf8mb4_spanish2_ci;

--
-- Volcado de datos para la tabla `moviments`
--

INSERT INTO `moviments` (`ID_moviment`, `nom`, `id_tipo`, `classe`, `potencia`, `precisio`, `PP`, `descripcio`) VALUES
(1, 'Absorber', 2, 'Especial', 20, 100, 25, 'L\'usuari recupera la meitat de PS del dany infligit.'),
(2, 'Ácido', 7, 'Especial', 40, 100, 30, 'Ruixa l\'objectiu amb un àcid corrosiu. Pot reduir la Defensa Especial.'),
(3, 'Afilar', 1, 'estat', NULL, NULL, 30, 'El perfil de l\'usuari es fa més afilat i el seu Atac millora.'),
(4, 'Agarre', 1, 'fisic', 55, 100, 30, 'Atenalla l\'objectiu i li infligeix dany.'),
(5, 'Agilidad', 8, 'estat', NULL, NULL, 30, 'Relaxar i alleugerir el cos per augmentar molt la Velocitat.'),
(6, 'Amnesia', 8, 'estat', NULL, NULL, 20, 'L\'usuari oblida les seves preocupacions i augmenta molt la Defensa Especial.'),
(7, 'Anulación', 1, 'estat', NULL, 100, 20, 'Anul·la l\'últim moviment utilitzat per l\'objectiu durant quatre torns.'),
(8, 'Arañazo', 1, 'fisic', 40, 100, 35, 'Esgarrapa amb urpes afilades.'),
(9, 'Armadura Ácida', 7, 'estat', NULL, NULL, 20, 'Transforma la seva estructura cel·lular per fer-se líquid i augmentar molt la Defensa.'),
(10, 'Ascuas', 3, 'Especial', 40, 100, 25, 'Ataca amb flames petites que poden causar cremades.'),
(11, 'Atadura', 1, 'fisic', 15, 85, 20, 'Utilitza el cos o les extremitats per lligar i oprimir l\'objectiu i infligir-li dany durant quatre o cinc torns.'),
(12, 'Ataque Aéreo', 15, 'fisic', 140, 90, 5, 'Ataca en el segon torn i sol donar un cop crític. També pot intimidar l\'objectiu.'),
(13, 'Ataque Ala', 15, 'fisic', 60, 100, 35, 'Estén totalment les seves majestuoses ales per colpejar l\'objectiu amb elles.'),
(14, 'Ataque Arena', 1, 'estat', NULL, 100, 15, 'Llança sorra a la cara de l\'objectiu i redueix la seva Precisió.'),
(15, 'Ataque Furia', 1, 'fisic', 15, 85, 20, 'Corna o picoteja l\'objectiu de dues a cinc vegades seguides.'),
(16, 'Ataque Óseo', 14, 'fisic', 65, 85, 20, 'Colpeja amb un os. Pot fer retrocedir l\'objectiu.'),
(17, 'Ataque Rápido', 1, 'fisic', 40, 100, 30, 'Ataca l\'objectiu a tal velocitat que és gairebé imperceptible. Aquest moviment té prioritat alta.'),
(18, 'Atizar', 1, 'fisic', 80, 75, 20, 'Colpeja amb la cua o amb lianes, per exemple, per causar dany a l\'objectiu.'),
(19, 'Autodestrucción', 1, 'fisic', 200, 100, 5, 'L\'atacant explota i fereix els Pokémon adjacents. L\'usuari es debilita immediatament.'),
(20, 'Avalancha', 13, 'fisic', 75, 90, 10, 'Llança grans pedres. Pot intimidar l\'objectiu.'),
(21, 'Barrera', 8, 'estat', NULL, NULL, 20, 'Crea una barrera que augmenta molt la Defensa.'),
(22, 'Beso Amoroso', 1, 'Especial', NULL, 75, 10, 'Intimida l\'objectiu amb una cara que espanta i li fa un petó que el deixa adormit.'),
(23, 'Bomba Huevo', 1, 'fisic', 100, 75, 10, 'Llança un ou enorme a l\'objectiu amb gran força.'),
(24, 'Bomba sónica', 1, 'Especial', NULL, 90, 20, 'Llança ones de xoc que resten 20 PS a l\'objectiu.'),
(25, 'Bombardeo', 1, 'fisic', 15, 85, 20, 'Llança esferes a l\'objectiu entre dues i cinc vegades seguides.'),
(26, 'Burbuja', 4, 'Especial', 40, 100, 30, 'Llança bombolles als contrincants i pot reduir la seva Velocitat.'),
(27, 'Cabezazo', 1, 'fisic', 130, 100, 10, 'L\'usuari es prepara i puja la seva Defensa en el primer torn i en el segon envest amb un cop de cap.'),
(28, 'Canto', 1, 'estat', NULL, 55, 15, 'Cançoneta que fa dormir profundament l\'objectiu.'),
(29, 'Cascada', 4, 'fisic', 80, 100, 15, 'Envest amb un gran impuls i pot arribar a intimidar l\'objectiu.'),
(30, 'Chirrido', 5, 'estat', NULL, 85, 40, 'Crit agut que redueix molt la Defensa de l\'objectiu.'),
(31, 'Chupavidas', 6, 'fisic', 80, 100, 10, 'Xupa sang a l\'objectiu. L\'usuari recupera la meitat dels PS del dany que produeix.'),
(32, 'Clavo cañón', 1, 'fisic', 20, 100, 15, 'Llança fines pues que fereixen de dues a cinc vegades.'),
(33, 'Comesueños', 8, 'Especial', 100, 100, 15, 'Engoleix els somnis d\'un objectiu adormit. L\'usuari recupera la meitat dels PS del dany que produeix.'),
(34, 'Confusión', 8, 'Especial', 50, 100, 25, 'Atac telequinètic feble que pot causar confusió.'),
(35, 'Constricción', 1, 'fisic', 15, 90, 20, 'Oprimeix l\'objectiu durant quatre o cinc torns amb lianes o amb el seu cos.'),
(36, 'Contraataque', 5, 'fisic', NULL, 100, 20, 'Torna un atac físic duplicat.'),
(37, 'Conversión', 1, 'estat', NULL, NULL, 30, 'Canvia el tipus de l\'usuari pel del primer moviment a la seva llista.'),
(38, 'Cornada', 1, 'fisic', 65, 100, 25, 'Ataca l\'objectiu amb una cornada punxant.'),
(39, 'Corte', 1, 'fisic', 50, 95, 30, 'Talla l\'objectiu amb urpes, falçs o similars.'),
(40, 'Cuchillada', 1, 'fisic', 65, 100, 20, 'Ataca amb fulles o amb pinces. Sol donar un cop crític.'),
(41, 'Danza Espada', 1, 'estat', NULL, NULL, 20, 'Aquest frenètic ball de combat eleva l\'esperit i augmenta molt l\'Atac.'),
(42, 'Danza Pétalo', 2, 'Especial', 120, 100, 10, 'Ataca l\'objectiu llançant pètals durant dos o tres torns i, en acabar, l\'usuari queda confós.'),
(43, 'Derribo', 1, 'fisic', NULL, NULL, 20, 'Càrrega desmesurada que també fereix lleugerament l\'usuari.'),
(44, 'Desarrollo', 1, 'estat', NULL, NULL, 20, 'Fa que el seu cos creixi ràpidament, amb la qual cosa augmenta el seu Atac i el seu Atac Especial.'),
(45, 'Descanso', 8, 'estat', NULL, NULL, 5, 'Restaura tots els PS i cura tots els problemes d\'estat de l\'usuari, que s\'adorm els dos torns següents.'),
(46, 'Deslumbrar', 1, 'estat', NULL, 100, 30, 'Intimida i espanta l\'objectiu amb la mirada per deixar-lo paralitzat.'),
(47, 'Destello', 1, 'estat', NULL, 100, 20, 'Llum encegadora que baixa la Precisió de l\'objectiu.'),
(48, 'Destructor', 1, 'fisic', 45, 100, 35, 'Colpeja l\'objectiu amb les extremitats, la cua o similars.'),
(49, 'Dia de Pago', 1, 'fisic', 40, 100, 20, 'Ataca l\'objectiu llançant-li monedes. En acabar el combat, les recupera en forma de guanys.'),
(50, 'Disparo Demora', 6, 'estat', NULL, 95, 40, 'Llança seda per la boca a l\'objectiu i redueix molt la seva Velocitat.'),
(51, 'Doble Ataque', 6, 'fisic', 25, 100, 20, 'Punxa dues vegades amb dues espines. Pot enverinar.'),
(52, 'Doble Bofetón', 1, 'fisic', 15, 85, 10, 'Bufeteja de dues a cinc vegades seguides.'),
(53, 'Doble Equipo', 1, 'estat', NULL, NULL, 15, 'L\'usuari es mou a velocitat vertiginosa i crea còpies il·lusòries de si mateix, amb la qual cosa augmenta la seva Evasió desconcertant el rival.'),
(54, 'Doble Filo', 1, 'fisic', 120, 100, 15, 'Atac arriscat que també fereix seriosament l\'usuari.'),
(55, 'Doble Patada', 5, 'fisic', 30, 100, 30, 'Propina dues puntades seguides, una amb cada peu.'),
(56, 'Drenadoras', 2, 'estat', NULL, 90, 10, 'Planta llavors que absorbeixen PS de l\'objectiu en cada torn i que li serveixen per recuperar-se.'),
(57, 'Espejo', 15, 'estat', NULL, NULL, 20, 'Ataca l\'objectiu amb l\'últim moviment que aquest hagi utilitzat.'),
(58, 'Espora', 2, 'estat', NULL, 100, 15, 'Escampa espores que indueixen el son.'),
(59, 'Excavar', 14, 'fisic', 80, 100, 10, 'L\'usuari cava durant el primer torn i ataca en el segon.'),
(60, 'Explosión', 1, 'fisic', 250, 100, 5, 'L\'atacant causa una grandíssima explosió i fereix els Pokémon adjacents. L\'usuari es debilita immediatament.'),
(61, 'Fisura', 14, 'fisic', NULL, 30, 5, 'Obre una esquerda al terra i hi fica l\'objectiu. Fulmina l\'objectiu d\'un sol cop si encerta.'),
(62, 'Foco Energia', 1, 'estat', NULL, NULL, 30, 'Concentra energia per augmentar les possibilitats de donar un cop crític.'),
(63, 'Forcejeo', 1, 'fisic', 50, NULL, 1, 'Només s\'utilitza com a últim recurs en acabar-se els PP. L\'usuari es fereix lleugerament a si mateix.'),
(64, 'Fortaleza', 1, 'estat', NULL, NULL, 30, 'L\'usuari tensa la seva musculatura per augmentar la Defensa.'),
(65, 'Fuerza', 1, 'fisic', 80, 100, 15, 'Ataca l\'objectiu colpejant-lo amb totes les seves forces.'),
(66, 'Furia', 1, 'fisic', 20, 100, 20, 'En utilitzar-se, augmenta l\'Atac de l\'usuari cada vegada que és colpejat.'),
(67, 'Furia Dragon', 12, 'Especial', NULL, 100, 10, 'Ràfegues de furioses ones de xoc que treuen 40 PS.'),
(68, 'Gas venenoso', 7, 'estat', NULL, 90, 40, 'Llança un núvol de gas tòxic al rostre de l\'objectiu. Produeix enverinament.'),
(69, 'Giro fuego', 3, 'Especial', 35, 85, 15, 'Un anell de foc que atrapa i danya l\'objectiu durant quatre o cinc torns.'),
(70, 'Golpe Cabeza', 1, 'fisic', 70, 100, 15, 'Potent cop de cap que pot intimidar l\'objectiu.'),
(71, 'Golpe Cuerpo', 1, 'fisic', 85, 100, 15, 'Salta sobre l\'objectiu amb tot el seu pes i pot arribar a paralitzar-lo.'),
(72, 'Golpe Kárate', 1, 'fisic', 50, 100, 25, 'Dóna un cop tallant. Sol ser crític.'),
(73, 'Golpes Furia', 1, 'fisic', 18, 80, 15, 'Esgarrapa l\'objectiu amb ungles, fulles o similars de dues a cinc vegades seguides.'),
(74, 'Gruñido', 1, 'estat', NULL, 100, 40, 'Dolç gruny que distreu l\'objectiu perquè baixi la guàrdia i redueix el seu Atac.'),
(75, 'Guillotina', 1, 'fisic', NULL, 30, 5, 'Atac tallant amb grans pinces que fulmina l\'objectiu d\'un sol cop si encerta.'),
(76, 'Hidrobomba', 4, 'Especial', 110, 80, 5, 'Llança una gran massa d\'aigua a pressió per atacar.'),
(77, 'Hipercolmillo', 1, 'fisic', 80, 90, 15, 'Ataca amb aguts ullals. Pot intimidar l\'objectiu.'),
(78, 'Hiperrayo', 1, 'Especial', 150, 90, 5, 'L\'usuari ataca l\'objectiu amb un potent raig de llum, però haurà de descansar en el següent torn.'),
(79, 'Hipnosis', 8, 'estat', NULL, 60, 20, 'Atac hipnòtic que fa dormir profundament l\'objectiu.'),
(80, 'Hoja Afilada', 2, 'fisic', 55, 95, 25, 'Talla amb fulles afilades. Sol donar un cop crític.'),
(81, 'Huesomerang', 13, 'fisic', 50, 90, 10, 'Llança l\'os que porta com a bumerang contra l\'objectiu i li infligeix dany dues vegades seguides.'),
(82, 'Impactrueno', 10, 'Especial', 40, 100, 30, 'Atac elèctric que pot paralitzar l\'objectiu.'),
(83, 'Kinético', 8, 'estat', NULL, 80, 30, 'Doblega una cullera per distreure l\'objectiu i reduir la seva Precisió.'),
(84, 'Lanzallamas', 3, 'Especial', 90, 100, 15, 'Ataca amb una gran ràfega de foc que pot causar cremades.'),
(86, 'Látigo', 1, 'estat', 90, 85, 20, 'Agita la cua per despistar l\'objectiu i reduir la seva Defensa.'),
(87, 'Látigo Cepa', 2, 'fisic', 45, 100, 25, 'Assota l\'objectiu amb lianes primes i llargues tan flexibles com fuets.'),
(88, 'Lengüetazo', 9, 'fisic', 30, 100, 30, 'L\'usuari ataca l\'objectiu llepant-lo amb la seva llarga llengua. Pot causar paràlisi.'),
(89, 'Llamarada', 3, 'Especial', 110, 85, 5, 'Flama intensa que socarra i pot causar cremades.'),
(90, 'Malicioso', 1, 'estat', NULL, 100, 30, 'Intimida l\'objectiu amb una mirada torva per reduir la seva Defensa.'),
(91, 'Martillazo', 4, 'fisic', 100, 90, 10, 'Colpeja amb força amb una pinça enorme. Sol donar un cop crític.'),
(92, 'Meditación', 8, 'estat', NULL, NULL, 40, 'L\'usuari reposa i medita per potenciar l\'Atac.'),
(93, 'Megaagotar', 2, 'fisic', 40, 100, 15, 'Un atac que absorbeix nutrients. L\'usuari recupera la meitat dels PS del dany que produeix.'),
(94, 'Megapatada', 1, 'fisic', 120, 75, 5, 'Puntada d\'extrema força.'),
(95, 'Megapuño', 1, 'fisic', 80, 85, 20, 'Cop de puny de gran potència.'),
(96, 'Meteoros', 1, 'Especial', 60, NULL, 20, 'Llança raigs en forma d\'estrella que no fallen mai.'),
(97, 'Metrónomo', 1, 'estat', NULL, NULL, 10, 'Mou un dit i estimula el seu cervell per utilitzar a l\'atzar gairebé qualsevol moviment.'),
(98, 'Mimético', 1, 'estat', NULL, NULL, 10, 'Copia l\'últim moviment utilitzat per l\'objectiu, i pot utilitzar-lo mentre estigui en el combat.'),
(99, 'Mordisco', 1, 'fisic', 60, 100, 25, 'Una mossegada vorac amb dents afilades que pot intimidar l\'objectiu.'),
(100, 'Neblina', 11, 'estat', NULL, NULL, 30, 'Rodeja d\'una boira blanquinosa el bàndol de l\'usuari i impedeix que el rival redueixi les seves característiques durant cinc torns.'),
(101, 'Niebla', 11, 'estat', NULL, NULL, 30, 'Boira fosca que elimina els canvis en les característiques de tots els Pokémon en combat.'),
(102, 'Onda Trueno', 10, 'estat', NULL, 90, 20, 'Una lleugera descàrrega que paralitza l\'objectiu.'),
(103, 'Ovocuracion', 1, 'estat', NULL, NULL, 5, 'Restaura la meitat dels PS màxims de l\'usuari.'),
(104, 'Pantalla de humo', 1, 'estat', NULL, 100, 20, 'Redueix la Precisió de l\'objectiu amb un núvol de fum o tinta.'),
(105, 'Pantalla de Luz', 8, 'Especial', NULL, NULL, 30, 'Barrera misteriosa que redueix el dany produït pels atacs del rival.'),
(106, 'Patada Giro', 5, 'fisic', 60, 85, 15, 'Dóna una puntada ràpida i circular. Pot fer retrocedir l\'objectiu.'),
(107, 'Paralizador', 2, 'estat', NULL, 75, 30, 'Escampa pols que paralitza l\'objectiu.'),
(108, 'Patada Baja', 5, 'fisic', NULL, 100, 20, 'Puntada que fa caure l\'objectiu. Com més pesa aquest, més dany li causa.'),
(109, 'Patada Salto Alta', 5, 'fisic', 130, 90, 10, 'L\'usuari salta molt alt i propina un cop de genoll a l\'objectiu. Si falla, es fereix a si mateix.'),
(110, 'Patada Salto', 5, 'fisic', 100, 95, 10, 'Dóna un salt i pega una puntada. Si falla, es lesiona.'),
(111, 'Perforador', 1, 'fisic', NULL, 30, 5, 'Atac amb una banya giratòria que fulmina l\'objectiu d\'un sol cop si encerta.'),
(112, 'Pico Taladro', 15, 'fisic', 80, 100, 20, 'Picot giratori i perforador molt potent.'),
(113, 'Picotazo', 15, 'fisic', 35, 100, 35, 'Llança un fibló tòxic que pot enverinar l\'objectiu.'),
(114, 'Picotazo 7', 7, 'fisic', 15, 100, 35, 'Travessa l\'objectiu amb una banya o un bec punxant.'),
(115, 'Pin Misil', 6, 'fisic', 25, 95, 20, 'Llança afilades pues que fereixen l\'objectiu de dues a cinc vegades seguides.'),
(116, 'Pisotón', 1, 'fisic', 65, 100, 20, 'Tremenda trepitjada que pot fer que l\'objectiu s\'intimidi.'),
(117, 'Pistola 4', 4, 'Especial', 40, 100, 25, 'Ataca disparant aigua amb gran potència.'),
(118, 'Placaje', 1, 'fisic', NULL, 100, 30, 'Envestida amb tot el cos.'),
(119, 'Polución', 7, 'Especial', 30, 70, 20, 'Llança un atac amb gasos tòxics que pot arribar a enverinar.'),
(120, 'Polvo 7so', 7, 'estat', NULL, 75, 35, 'Escampa pols tòxic que enverina l\'objectiu.'),
(121, 'Psicoonda', 8, 'Especial', NULL, 100, 15, 'Atac amb una ona d\'energia d\'intensitat variable.'),
(122, 'Psicorrayo', 8, 'Especial', 65, 100, 20, 'Estrany raig que pot causar confusió.'),
(123, 'psiquico', 8, 'Especial', 90, 100, 10, 'Fort atac telequinètic que pot reduir la Defensa Especial de l\'objectiu.'),
(124, 'Puño Cometa', 1, 'fisic', 18, 85, 15, 'Colpeja de dues a cinc vegades seguides.'),
(125, 'Puño 3', 3, 'fisic', 75, 100, 15, 'Cop de puny ardent que pot causar cremades.'),
(126, 'Puño 11', 11, 'fisic', 75, 100, 15, 'Cop de puny gelat que pot arribar a congelar.'),
(127, 'Puño Mareo', 1, 'fisic', 70, 100, 10, 'Rítmics cops de puny que poden causar confusió.'),
(128, 'Puño Trueno', 10, 'fisic', 75, 100, 15, 'Cop de puny elèctric que pot paralitzar.'),
(129, 'Rayo', 10, 'Especial', 90, 100, 15, 'Potent atac elèctric que pot paralitzar l\'objectiu.'),
(130, 'Rayo Aurora', 11, 'Especial', 65, 100, 20, 'Raig multicolor que pot reduir l\'Atac.'),
(131, 'Rayo Burbuja', 4, 'Especial', 65, 100, 20, 'Ràfega de bombolles que poden reduir la Velocitat.'),
(132, 'Rayo Confuso', 9, 'estat', NULL, 100, 10, 'Raig sinistre que confon l\'objectiu.'),
(133, 'Rayo 11', 11, 'Especial', 90, 100, 10, 'Raig de gel que pot arribar a congelar.'),
(134, 'Rayo Solar', 2, 'Especial', 120, 100, 10, 'L\'usuari absorbeix llum en el primer torn i, en el segon, llança un potent raig d\'energia.'),
(135, 'Recuperación', 1, 'estat', NULL, NULL, 5, 'L\'usuari regenera les seves cèl·lules i recupera una quantitat de PS equivalent a la meitat dels seus PS màxims.'),
(136, 'Reducción', 1, 'estat', NULL, NULL, 10, 'L\'usuari minva per augmentar molt l\'Evasió.'),
(137, 'Reflejo', 8, 'estat', NULL, NULL, 20, 'Barrera misteriosa que redueix durant cinc torns el dany produït pels atacs físics del rival.'),
(138, 'Refugio', 4, 'estat', NULL, NULL, 40, 'L\'usuari es protegeix en la seva closca, per la qual cosa li augmenta la Defensa.'),
(139, 'Remolino', 1, 'estat', NULL, NULL, 20, 'S\'emporta l\'objectiu, que és canviat per un altre Pokémon. Si és un Pokémon salvatge, acaba el combat.'),
(140, 'Residuos', 7, 'Especial', 65, 100, 20, 'Llança residus a l\'objectiu. Pot arribar a enverinar.'),
(141, 'Restricción', 1, 'fisic', 10, 100, 35, 'Ataca amb llargs tentacles o sarments que poden baixar la Velocitat.'),
(142, 'Rizo Defensa', 1, 'estat', NULL, NULL, 40, 'S\'enrosca per ocultar els seus punts febles i augmentar la Defensa.'),
(143, 'Rugido', 1, 'estat', NULL, NULL, 20, 'S\'emporta l\'objectiu, que és canviat per un altre Pokémon. Si és un Pokémon salvatge, acaba el combat.'),
(144, 'Salpicadura', 1, 'estat', NULL, NULL, 40, 'No té cap efecte. Només esquitxa.'),
(145, 'Seña', 1, 'fisic', 120, 100, 10, 'L\'usuari ataca enfurismat durant dos o tres torns i, després, queda confós.'),
(146, 'Símico', 1, 'fisic', NULL, 100, 20, 'Aprofita la gravetat per fer caure l\'objectiu. Li resta tants PS com nivell tingui l\'usuari.'),
(147, 'Somnifero', 2, 'estat', NULL, 75, 75, 'Escampa pols que fa dormir l\'objectiu.'),
(148, 'Sumisión', 5, 'fisic', 80, 80, 20, 'L\'usuari es llança al terra amb l\'oponent en braços i també es fa una mica de mal.'),
(149, 'Superdiente', 1, 'fisic', NULL, 90, 10, 'Dóna una mossegada amb les seves afilades dents que redueix a la meitat els PS de l\'objectiu.'),
(150, 'Supesónico', 1, 'estat', NULL, 55, 20, 'El cos de l\'usuari emet unes ones sonores rares que confonen l\'objectiu.'),
(151, 'Surf', 4, 'Especial', 90, 100, 15, 'Inunda el terreny de combat amb una onada gegant que colpeja els Pokémon adjacents.'),
(152, 'Sustiuto', 1, 'estat', NULL, NULL, 10, 'Utilitza part dels PS propis per crear un substitut que actua com a esquer.'),
(153, 'Teletransporte', 8, 'estat', 120, 70, 10, 'Permet a l\'usuari canviar-se per un altre Pokémon de l\'equip, si n\'hi ha. Si un Pokémon salvatge utilitza aquest moviment, fuig del combat.'),
(154, 'Tenaza', 4, 'fisic', 35, 85, 15, 'Atrapa i atenalla amb força durant quatre o cinc torns.'),
(155, 'Terremoto', 14, 'fisic', 100, 100, 10, 'Un terratrèmol que afecta els Pokémon.'),
(156, 'Tinieblas', 9, 'Especial', NULL, 100, 15, 'Produeix un miratge davant l\'objectiu, que perd tants PS com nivell tingui l\'usuari.'),
(157, 'Tornado', 1, 'Especial', 40, 100, 35, 'Crea un tornado amb les ales i el llança contra l\'objectiu.'),
(158, 'Tóxico', 7, 'estat', NULL, 90, 10, 'Enverina greument l\'objectiu i causa un dany més gran en cada torn.'),
(159, 'Transformación', 1, 'estat', NULL, NULL, 10, 'L\'usuari es transforma en una còpia de l\'objectiu, amb els mateixos moviments.'),
(160, 'Triataque', 1, 'Especial', 80, 100, 10, 'Atac amb tres raigs de llum que pot paralitzar, cremar o congelar l\'objectiu.'),
(161, 'Trueno', 10, 'Especial', 110, 70, 10, 'Un poderós raig que danya l\'objectiu i pot paralitzar-lo.'),
(162, 'Venganza', 1, 'fisic', NULL, NULL, 10, 'Espera dos torns per atacar amb el doble de potència del dany rebut.'),
(163, 'Ventisca', 11, 'Especial', 110, 70, 5, 'Tempesta de gel que pot arribar a congelar.'),
(164, 'Viento Cortante', 1, 'Especial', 80, 100, 10, 'Primer es prepara i en el segon torn ataca l\'oponent amb ràfegues de vent tallant. Alta probabilitat de ser crític.'),
(165, 'Vuelo', 15, 'fisic', 90, 95, 15, 'L\'usuari Vola en el primer torn i ataca en el segon.'),
(166, 'Lanzarrocas', 13, 'fisic', 50, 90, 15, 'Causa mal,no té cap efecte secundari.');

-- --------------------------------------------------------

--
-- Estructura de tabla para la tabla `pokedex`
--

DROP TABLE IF EXISTS `pokedex`;
CREATE TABLE IF NOT EXISTS `pokedex` (
  `ID_pokedex` int(11) NOT NULL AUTO_INCREMENT,
  `imatgeM` varchar(250) COLLATE utf8mb4_spanish2_ci DEFAULT NULL,
  `imatgeF` varchar(250) COLLATE utf8mb4_spanish2_ci DEFAULT NULL,
  `imatgeShinyM` varchar(250) COLLATE utf8mb4_spanish2_ci DEFAULT NULL,
  `imatgeShinyF` varchar(250) COLLATE utf8mb4_spanish2_ci DEFAULT NULL,
  `nom` varchar(200) CHARACTER SET latin1 NOT NULL,
  `tipo1` int(11) NOT NULL,
  `tipo2` int(11) DEFAULT NULL,
  `descripcio` varchar(500) CHARACTER SET latin1 NOT NULL,
  `pes` decimal(10,2) NOT NULL,
  `altura` decimal(10,2) NOT NULL,
  `PS` int(11) NOT NULL,
  `atac` int(11) NOT NULL,
  `defensa` int(11) NOT NULL,
  `atEspecial` int(11) NOT NULL,
  `defEspecial` int(11) NOT NULL,
  `velocitat` int(11) NOT NULL,
  `total` int(11) NOT NULL,
  PRIMARY KEY (`ID_pokedex`),
  KEY `fk_tipo1` (`tipo1`),
  KEY `fk_tipo2` (`tipo2`)
) ENGINE=InnoDB AUTO_INCREMENT=152 DEFAULT CHARSET=utf8mb4 COLLATE=utf8mb4_spanish2_ci;

--
-- Volcado de datos para la tabla `pokedex`
--

INSERT INTO `pokedex` (`ID_pokedex`, `imatgeM`, `imatgeF`, `imatgeShinyM`, `imatgeShinyF`, `nom`, `tipo1`, `tipo2`, `descripcio`, `pes`, `altura`, `PS`, `atac`, `defensa`, `atEspecial`, `defEspecial`, `velocitat`, `total`) VALUES
(1, '../../IMG/Pokemons/001.png', '../../IMG/Pokemons/001.png', '../../IMG/Pokemons/001Shiny.png', '../../IMG/Pokemons/001Shiny.png', 'Bulbasaur', 2, 7, 'Una rara semilla fue plantada en su espalda al nacer. La planta brota y crece con este Pokemon.', '6.90', '0.70', 45, 49, 49, 65, 65, 45, 318),
(2, '../../IMG/Pokemons/002.png', '../../IMG/Pokemons/002.png', '../../IMG/Pokemons/002Shiny.png', '../../IMG/Pokemons/002Shiny.png', 'Ivysaur', 2, 7, 'Quan el bulb de l\'esquena es fa gran, sembla que perd la capacitat d\'aguantar-se sobre les potes del darrere.', '13.00', '1.00', 60, 62, 63, 80, 80, 60, 405),
(3, '../../IMG/Pokemons/003M.png', '../../IMG/Pokemons/003F.png', '../../IMG/Pokemons/003MShiny.png', '../../IMG/Pokemons/003FShiny.png', 'Venusaur', 2, 7, 'La planta floreix quan absorbeix l\'energia solar. Es manté en moviment per buscar la llum solar.', '100.00', '2.00', 80, 82, 83, 100, 100, 80, 525),
(4, '../../IMG/Pokemons/004.png', '../../IMG/Pokemons/004.png', '../../IMG/Pokemons/004Shiny.png', '../../IMG/Pokemons/004Shiny.png', 'Charmander', 3, NULL, 'Evidentment, prefereix els llocs calents. Quan plou, es diu que brolla vapor de la punta de la cua.', '8.50', '0.60', 39, 52, 43, 60, 50, 65, 309),
(5, '../../IMG/Pokemons/005.png', '../../IMG/Pokemons/005.png', '../../IMG/Pokemons/005Shiny.png', '../../IMG/Pokemons/005Shiny.png', 'Charmeleon', 3, NULL, 'Quan balanceja la seva cua ardent, eleva la temperatura a nivells insuportablement alts.', '19.00', '1.10', 85, 64, 58, 80, 65, 80, 405),
(6, '../../IMG/Pokemons/006.png', '../../IMG/Pokemons/006.png', '../../IMG/Pokemons/006Shiny.png', '../../IMG/Pokemons/006Shiny.png', 'Charizard', 3, 15, 'Escup foc prou calent com per fondre els blocs. Se sap que provoca incendis forestals sense voler.', '90.50', '1.70', 78, 84, 78, 109, 85, 100, 534),
(7, '../../IMG/Pokemons/007.png', '../../IMG/Pokemons/007.png', '../../IMG/Pokemons/007Shiny.png', '../../IMG/Pokemons/007Shiny.png', 'Squirtle', 4, NULL, 'Després del naixement, la seva esquena s\'infla i s\'endureix en una closca. Polvoreix poderosament escuma de la seva boca.', '9.00', '0.50', 44, 48, 65, 50, 64, 43, 314),
(8, '../../IMG/Pokemons/008.png', '../../IMG/Pokemons/008.png', '../../IMG/Pokemons/008Shiny.png', '../../IMG/Pokemons/008Shiny.png', 'Wartortle', 4, NULL, 'Sovint s\'amaga a l\'aigua per perseguir preses incautades. Per nedar ràpid, mou les orelles per mantenir l\'equilibri.', '22.50', '1.00', 59, 63, 80, 65, 80, 58, 405),
(9, '../../IMG/Pokemons/009.png', '../../IMG/Pokemons/009.png', '../../IMG/Pokemons/009Shiny.png', '../../IMG/Pokemons/009Shiny.png', 'Blastoise', 4, NULL, 'Un Pokémon brutal amb dolls d\'aigua a pressió a la closca. S\'utilitzen per a tacles d\'alta velocitat.', '85.50', '1.60', 79, 103, 120, 135, 115, 78, 630),
(10, '../../IMG/Pokemons/010.png', '../../IMG/Pokemons/010.png', '../../IMG/Pokemons/010Shiny.png', '../../IMG/Pokemons/010Shiny.png', 'Caterpie', 6, NULL, 'Els seus peus curts estan inclinats amb ventoses que li permeten escalar incansablement vessants i parets.', '2.90', '0.30', 45, 30, 35, 20, 20, 45, 195),
(11, '../../IMG/Pokemons/011.png', '../../IMG/Pokemons/011.png', '../../IMG/Pokemons/011Shiny.png', '../../IMG/Pokemons/011Shiny.png', 'Metapod', 6, NULL, 'Aquest pokemon és vulnerable als atacs mentre la seva closca és suau, deixant al descobert el seu cos feble i tendre.', '9.90', '0.70', 50, 20, 55, 25, 25, 30, 205),
(12, '../../IMG/Pokemons/012M.png', '../../IMG/Pokemons/012F.png', '../../IMG/Pokemons/012MShiny.png', '../../IMG/Pokemons/012FShiny.png', 'Butterfree', 6, 15, 'En la batalla, bate les ales a gran velocitat per alliberar pols altament tòxic a l\'aire.', '32.00', '1.10', 60, 45, 50, 90, 80, 70, 395),
(13, '../../IMG/Pokemons/013.png', '../../IMG/Pokemons/013.png', '../../IMG/Pokemons/013Shiny.png', '../../IMG/Pokemons/013Shiny.png', 'Weedle', 6, NULL, 'Sovint es troba als boscos, menjant fulles. Té un agullós verinós al cap.', '3.20', '0.30', 40, 35, 30, 20, 20, 50, 195),
(14, '../../IMG/Pokemons/014.png', '../../IMG/Pokemons/014.png', '../../IMG/Pokemons/014Shiny.png', '../../IMG/Pokemons/014Shiny.png', 'Kakuna', 6, NULL, 'Gairebé incapaç de moure\'s, aquest pokemon només pot endurir la seva closca per protegir-se dels depredadors.', '10.00', '0.60', 45, 25, 50, 25, 25, 35, 205),
(15, '../../IMG/Pokemons/015.png', '../../IMG/Pokemons/015.png', '../../IMG/Pokemons/015Shiny.png', '../../IMG/Pokemons/015Shiny.png', 'Beedrill', 6, 7, 'Vola a gran velocitat i ataca utilitzant els seus grans agullós verinosos a les seves potes davanteres i la cua.', '29.50', '1.00', 65, 95, 40, 45, 85, 75, 395),
(16, '../../IMG/Pokemons/016.png', '../../IMG/Pokemons/016.png', '../../IMG/Pokemons/016Shiny.png', '../../IMG/Pokemons/016Shiny.png', 'Pidgey', 1, 15, 'Una visió habitual als boscos i boscos. Bateja les ales a nivell del terra per aixecar la sorra encegadora.', '1.80', '0.30', 40, 45, 40, 35, 35, 56, 251),
(17, '../../IMG/Pokemons/017.png', '../../IMG/Pokemons/017.png', '../../IMG/Pokemons/017Shiny.png', '../../IMG/Pokemons/017Shiny.png', 'Pidgeotto', 1, 15, 'Molt protector de la seva extensa àrea territorial, aquest pokemon picotarà ferotgement qualsevol intrús.', '30.00', '1.10', 63, 60, 55, 50, 50, 71, 349),
(18, '../../IMG/Pokemons/018.png', '../../IMG/Pokemons/018.png', '../../IMG/Pokemons/018Shiny.png', '../../IMG/Pokemons/018Shiny.png', 'Pidgeot', 1, 15, 'Quan caça, recorre la superfície de l\'aigua a gran velocitat per agafar preses incautades com ara magikarp.', '39.50', '1.50', 83, 80, 75, 70, 70, 101, 479),
(19, '../../IMG/Pokemons/019M.png', '../../IMG/Pokemons/019F.png', '../../IMG/Pokemons/019MShiny.png', '../../IMG/Pokemons/019FShiny.png', 'Rattata', 1, NULL, 'Mossega qualsevol cosa quan ataca. Petit i molt ràpid, és comú a molts llocs.', '3.50', '0.30', 30, 56, 35, 25, 35, 72, 253),
(20, '../../IMG/Pokemons/020M.png', '../../IMG/Pokemons/020F.png', '../../IMG/Pokemons/020MShiny.png', '../../IMG/Pokemons/020FShiny.png', 'Raticate', 1, NULL, 'Utilitza els seus bigotis per mantenir l\'equilibri. Sembla que s\'alenteix si es tallen.', '18.50', '0.70', 55, 81, 60, 50, 70, 97, 413),
(21, '../../IMG/Pokemons/021.png', '../../IMG/Pokemons/021.png', '../../IMG/Pokemons/021Shiny.png', '../../IMG/Pokemons/021Shiny.png', 'Spearow', 1, 15, 'Menja insectes a les zones herbades. Ha de batre les seves ales curtes a gran velocitat per mantenir-se en l\'aire.', '2.00', '0.30', 40, 60, 30, 31, 31, 70, 262),
(22, '../../IMG/Pokemons/022.png', '../../IMG/Pokemons/022.png', '../../IMG/Pokemons/022Shiny.png', '../../IMG/Pokemons/022Shiny.png', 'Fearow', 1, 15, 'Amb les seves enormes i magnífiques ales, pot mantenir-se en alt sense haver d\'aterrar mai per descansar.', '38.00', '1.20', 65, 90, 65, 61, 61, 100, 442),
(23, '../../IMG/Pokemons/023.png', '../../IMG/Pokemons/023.png', '../../IMG/Pokemons/023Shiny.png', '../../IMG/Pokemons/023Shiny.png', 'Ekans', 7, NULL, 'Es mou en silenci i sigil·losament. Menja els ous dels ocells, com el pidgey i el llanc, sencers.', '6.90', '2.00', 35, 60, 44, 40, 54, 55, 208),
(24, '../../IMG/Pokemons/024.png', '../../IMG/Pokemons/024.png', '../../IMG/Pokemons/024Shiny.png', '../../IMG/Pokemons/024Shiny.png', 'Arbok', 7, NULL, 'Es rumoreja que les ferotges marques d\'advertència al seu ventre difereixen d\'una zona a una altra.', '65.00', '3.50', 60, 95, 69, 65, 79, 80, 448),
(25, '../../IMG/Pokemons/025M.png', '../../IMG/Pokemons/025F.png', '../../IMG/Pokemons/025MShiny.png', '../../IMG/Pokemons/025FShiny.png', 'Pikachu', 10, NULL, 'Quan es reuneixen diversos d\'aquests pokemons, la seva electricitat podria generar-se i provocar tempestes.', '6.00', '0.40', 35, 55, 40, 50, 50, 90, 320),
(26, '../../IMG/Pokemons/026M.png', '../../IMG/Pokemons/026F.png', '../../IMG/Pokemons/026MShiny.png', '../../IMG/Pokemons/026FShiny.png', 'Raichu', 10, NULL, 'La seva llarga cua serveix com a terra per protegir-se de la seva pròpia potència d\'alta tensió.', '30.00', '0.80', 60, 90, 55, 90, 80, 110, 485),
(27, '../../IMG/Pokemons/027.png', '../../IMG/Pokemons/027.png', '../../IMG/Pokemons/027Shiny.png', '../../IMG/Pokemons/027Shiny.png', 'Sandshrew', 14, NULL, 'S\'enterra profundament sota terra en llocs àrids lluny de l\'aigua. Només sorgeix per caçar menjar.', '12.00', '0.60', 50, 75, 85, 20, 30, 40, 300),
(28, '../../IMG/Pokemons/028.png', '../../IMG/Pokemons/028.png', '../../IMG/Pokemons/028Shiny.png', '../../IMG/Pokemons/028Shiny.png', 'Sandslash', 14, NULL, 'S\'enrosca en una bola espinosa quan està amenaçat. Pot rodar mentre està arrossegat per atacar o escapar.', '29.50', '1.00', 75, 100, 110, 45, 55, 65, 450),
(29, '../../IMG/Pokemons/029.png', '../../IMG/Pokemons/029.png', '../../IMG/Pokemons/029Shiny.png', '../../IMG/Pokemons/029Shiny.png', 'NidoranF', 7, NULL, 'Tot i que petit, les seves punxes verinoses fan que aquest pokemon sigui perillós. La femella té banyes més petites.', '7.00', '0.40', 55, 47, 52, 40, 40, 41, 275),
(30, '../../IMG/Pokemons/030.png', '../../IMG/Pokemons/030.png', '../../IMG/Pokemons/030Shiny.png', '../../IMG/Pokemons/030Shiny.png', 'Nidorina', 7, NULL, 'La banya de la femella es desenvolupa lentament. Prefereix atacs físics com ara picar i mossegar.', '20.00', '0.80', 70, 62, 67, 55, 55, 56, 365),
(31, '../../IMG/Pokemons/031.png', '../../IMG/Pokemons/031.png', '../../IMG/Pokemons/031Shiny.png', '../../IMG/Pokemons/031Shiny.png', 'Nidoqueen', 7, 14, 'Les seves escates dures proporcionen una forta protecció. Utilitza el seu gran volum per executar moviments potents.', '60.00', '1.30', 90, 92, 87, 75, 85, 76, 505),
(32, '../../IMG/Pokemons/032.png', '../../IMG/Pokemons/032.png', '../../IMG/Pokemons/032Shiny.png', '../../IMG/Pokemons/032Shiny.png', 'NidoranM', 7, NULL, 'Endureix les orelles per sentir el perill. Com més grans són les seves banyes, més potent és el seu verí secretat.', '9.00', '0.50', 46, 57, 40, 40, 40, 50, 273),
(33, '../../IMG/Pokemons/033.png', '../../IMG/Pokemons/033.png', '../../IMG/Pokemons/033Shiny.png', '../../IMG/Pokemons/033Shiny.png', 'Nidorino', 7, NULL, 'Un Pokémon agressiu que ataca ràpidament. La banya del seu cap secreta un verí poderós.', '19.50', '0.90', 61, 72, 57, 55, 55, 65, 365),
(34, '../../IMG/Pokemons/034.png', '../../IMG/Pokemons/034.png', '../../IMG/Pokemons/034Shiny.png', '../../IMG/Pokemons/034Shiny.png', 'Nidoking', 7, 14, 'Utilitza la seva poderosa cua a la batalla per aixafar, restringir i després trencar els ossos de la presa.', '62.00', '1.40', 81, 102, 77, 85, 75, 85, 505),
(35, '../../IMG/Pokemons/035.png', '../../IMG/Pokemons/035.png', '../../IMG/Pokemons/035Shiny.png', '../../IMG/Pokemons/035Shiny.png', 'Clefairy', 1, NULL, 'El seu atractiu màgic i simpàtic té molts admiradors. És rar i només es troba en determinades zones.', '7.50', '0.60', 70, 45, 48, 60, 65, 35, 323),
(36, '../../IMG/Pokemons/036.png', '../../IMG/Pokemons/036.png', '../../IMG/Pokemons/036Shiny.png', '../../IMG/Pokemons/036Shiny.png', 'Clefable', 1, NULL, 'Un pokemon de fades tímids que rarament es veu. Correrà i s\'amagarà en el moment en què senti la gent.', '40.00', '1.30', 95, 70, 73, 95, 90, 60, 483),
(37, '../../IMG/Pokemons/037.png', '../../IMG/Pokemons/037.png', '../../IMG/Pokemons/037Shiny.png', '../../IMG/Pokemons/037Shiny.png', 'Vulpix', 3, NULL, 'En el moment del naixement, només té una cua. La cua es divideix de la punta a mesura que envelleix.', '9.90', '0.60', 38, 41, 10, 50, 65, 65, 299),
(38, '../../IMG/Pokemons/038.png', '../../IMG/Pokemons/038.png', '../../IMG/Pokemons/038Shiny.png', '../../IMG/Pokemons/038Shiny.png', 'Ninetales', 3, NULL, 'Molt intel·ligent i molt venjatiu. Agafar una de les seves moltes cues podria resultar en una maledicció de 1000 anys.', '19.90', '1.10', 73, 76, 75, 81, 100, 100, 505),
(39, '../../IMG/Pokemons/039.png', '../../IMG/Pokemons/039.png', '../../IMG/Pokemons/039Shiny.png', '../../IMG/Pokemons/039Shiny.png', 'Jigglypuff', 1, NULL, 'Quan els seus enormes ulls s\'il·luminen, canta una melodia misteriosament tranquil·litzant que fa dormir els seus enemics.', '5.50', '0.50', 115, 45, 20, 45, 25, 20, 270),
(40, '../../IMG/Pokemons/040.png', '../../IMG/Pokemons/040.png', '../../IMG/Pokemons/040Shiny.png', '../../IMG/Pokemons/040Shiny.png', 'Wigglytuff', 1, NULL, 'El cos és suau i gomoso. Quan s\'enfada, aspirarà aire i s\'inflarà fins a una mida enorme.', '12.00', '1.00', 140, 70, 45, 85, 50, 45, 435),
(41, '../../IMG/Pokemons/041M.png', '../../IMG/Pokemons/041F.png', '../../IMG/Pokemons/041MShiny.png', '../../IMG/Pokemons/041FShiny.png', 'Zubat', 7, 15, 'Forma colònies en llocs perpètuament foscos. Utilitza ones ultrasòniques per identificar i apropar-se a objectius.', '7.50', '0.80', 40, 45, 35, 30, 40, 55, 245),
(42, '../../IMG/Pokemons/042M.png', '../../IMG/Pokemons/042F.png', '../../IMG/Pokemons/042MShiny.png', '../../IMG/Pokemons/042FShiny.png', 'Golbat', 7, 15, 'Un cop colpeja, no deixarà d\'esgotar l\'energia de la víctima fins i tot si es fa massa pesada per volar.', '55.00', '1.60', 75, 80, 70, 65, 75, 90, 455),
(43, '../../IMG/Pokemons/043.png', '../../IMG/Pokemons/043.png', '../../IMG/Pokemons/043Shiny.png', '../../IMG/Pokemons/043Shiny.png', 'Oddish', 2, 7, 'Durant el dia, manté la cara enterrada a terra. A la nit, es passeja sembrant les seves llavors.', '5.40', '0.50', 45, 50, 55, 75, 65, 30, 320),
(44, '../../IMG/Pokemons/044M.png', '../../IMG/Pokemons/044F.png', '../../IMG/Pokemons/044MShiny.png', '../../IMG/Pokemons/044FShiny.png', 'Gloom', 2, 7, 'El líquid que brolla de la seva boca no és bava. És un nèctar que serveix per atraure preses.', '8.60', '0.80', 60, 65, 70, 85, 75, 40, 395),
(45, '../../IMG/Pokemons/045M.png', '../../IMG/Pokemons/045F.png', '../../IMG/Pokemons/045MShiny.png', '../../IMG/Pokemons/045FShiny.png', 'Vileplume', 2, 7, 'Com més grans són els seus pètals, més pol·len tòxic conté. El seu gran cap és pesat i difícil d\'aguantar.', '18.60', '1.20', 75, 80, 85, 110, 90, 50, 490),
(46, '../../IMG/Pokemons/046.png', '../../IMG/Pokemons/046.png', '../../IMG/Pokemons/046Shiny.png', '../../IMG/Pokemons/046Shiny.png', 'Paras', 6, 2, 'Caus per xuclar les arrels dels arbres. Els bolets de l\'esquena creixen agafant nutrients de l\'hoste d\'insectes.', '5.40', '0.30', 35, 70, 55, 45, 55, 25, 285),
(47, '../../IMG/Pokemons/047.png', '../../IMG/Pokemons/047.png', '../../IMG/Pokemons/047Shiny.png', '../../IMG/Pokemons/047Shiny.png', 'Parasect', 6, 2, 'Una parella hoste-paràsit en què el bolet paràsit s\'ha apoderat de l\'error hoste. Prefereix llocs humits.', '29.50', '1.00', 60, 95, 80, 60, 80, 30, 405),
(48, '../../IMG/Pokemons/048.png', '../../IMG/Pokemons/048.png', '../../IMG/Pokemons/048Shiny.png', '../../IMG/Pokemons/048Shiny.png', 'Venonat', 6, 7, 'Viu a l\'ombra dels arbres alts on menja insectes. A la nit l\'atreu la llum.', '30.00', '1.00', 60, 55, 50, 40, 55, 45, 305),
(49, '../../IMG/Pokemons/049.png', '../../IMG/Pokemons/049.png', '../../IMG/Pokemons/049Shiny.png', '../../IMG/Pokemons/049Shiny.png', 'Venomoth', 6, 7, 'Les escates semblants a la pols que cobreixen les seves ales estan codificades per colors per indicar els tipus de verí que té.', '12.50', '1.50', 70, 65, 60, 90, 75, 90, 450),
(50, '../../IMG/Pokemons/050.png', '../../IMG/Pokemons/050.png', '../../IMG/Pokemons/050Shiny.png', '../../IMG/Pokemons/050Shiny.png', 'Diglett', 14, NULL, 'Viu a uns metres sota terra on s\'alimenta de les arrels de les plantes. De vegades apareix per sobre del sòl.', '0.80', '0.20', 10, 55, 25, 35, 45, 95, 265),
(51, '../../IMG/Pokemons/051.png', '../../IMG/Pokemons/051.png', '../../IMG/Pokemons/051Shiny.png', '../../IMG/Pokemons/051Shiny.png', 'Dugtrio', 14, NULL, 'Un equip de tres bessons diglett. Desencadena grans terratrèmols en excavar 60 milles sota terra.', '33.30', '0.70', 35, 10, 50, 50, 70, 120, 425),
(52, '../../IMG/Pokemons/052.png', '../../IMG/Pokemons/052.png', '../../IMG/Pokemons/052Shiny.png', '../../IMG/Pokemons/052Shiny.png', 'Meowth', 1, NULL, 'Li encanta els objectes circulars. Vaga pels carrers cada nit per buscar canvis solts.', '4.20', '0.40', 40, 45, 35, 40, 40, 90, 290),
(53, '../../IMG/Pokemons/053.png', '../../IMG/Pokemons/053.png', '../../IMG/Pokemons/053Shiny.png', '../../IMG/Pokemons/053Shiny.png', 'Persian', 1, NULL, 'Tot i que la seva pell té molts admiradors, és difícil de criar com a mascota a causa de la seva mesquinesa voluble.', '32.00', '1.00', 65, 70, 60, 65, 65, 115, 440),
(54, '../../IMG/Pokemons/054.png', '../../IMG/Pokemons/054.png', '../../IMG/Pokemons/054Shiny.png', '../../IMG/Pokemons/054Shiny.png', 'Psyduck', 4, NULL, 'Mentre arrulla els seus enemics amb el seu aspecte buit, aquest pokemon astut utilitzarà poders psicocinètics.', '19.60', '0.80', 50, 52, 48, 65, 50, 55, 320),
(55, '../../IMG/Pokemons/055.png', '../../IMG/Pokemons/055.png', '../../IMG/Pokemons/055Shiny.png', '../../IMG/Pokemons/055Shiny.png', 'Golduck', 4, NULL, 'Sovint es veu nedant elegantment a la vora del llac. Sovint es confon amb el monstre japonès Kappa.', '76.60', '1.70', 80, 82, 78, 95, 80, 85, 500),
(56, '../../IMG/Pokemons/056.png', '../../IMG/Pokemons/056.png', '../../IMG/Pokemons/056Shiny.png', '../../IMG/Pokemons/056Shiny.png', 'Mankey', 5, NULL, 'Extremadament ràpid a la ira. Podria ser dòcil en un moment i després batre\'s l\'instant següent.', '28.00', '0.50', 40, 80, 35, 35, 45, 70, 305),
(57, '../../IMG/Pokemons/057.png', '../../IMG/Pokemons/057.png', '../../IMG/Pokemons/057Shiny.png', '../../IMG/Pokemons/057Shiny.png', 'Primeape', 5, NULL, 'Sempre furiós i tenaç per arrencar. No abandonarà la persecució de la seva pedrera fins que no sigui atrapada.', '32.00', '1.00', 65, 105, 60, 60, 70, 95, 455),
(58, '../../IMG/Pokemons/058.png', '../../IMG/Pokemons/058.png', '../../IMG/Pokemons/058Shiny.png', '../../IMG/Pokemons/058Shiny.png', 'Growlithe', 3, NULL, 'Molt protector del seu territori. Lladrarà i mossegarà per repel·lir els intrusos del seu espai.', '19.00', '0.70', 55, 70, 45, 70, 50, 60, 350),
(59, '../../IMG/Pokemons/059.png', '../../IMG/Pokemons/059.png', '../../IMG/Pokemons/059Shiny.png', '../../IMG/Pokemons/059Shiny.png', 'Arcanine', 3, NULL, 'Un Pokémon que ha estat admirat des del passat per la seva bellesa. Corre amb àgilitat com si fos amb ales.', '155.00', '1.90', 90, 110, 80, 100, 80, 95, 555),
(60, '../../IMG/Pokemons/060.png', '../../IMG/Pokemons/060.png', '../../IMG/Pokemons/060Shiny.png', '../../IMG/Pokemons/060Shiny.png', 'Poliwag', 4, NULL, 'Les seves potes acabades de créixer li impedeixen córrer. Sembla que prefereix nedar que intentar mantenir-se dret.', '10.40', '0.60', 40, 50, 40, 40, 40, 90, 300),
(61, '../../IMG/Pokemons/061.png', '../../IMG/Pokemons/061.png', '../../IMG/Pokemons/061Shiny.png', '../../IMG/Pokemons/061Shiny.png', 'Poliwhirl', 4, NULL, 'Capaç de viure dins o fora de l\'aigua. Quan està fora de l\'aigua, sua per mantenir el seu cos viscosa.', '20.00', '1.00', 65, 65, 65, 50, 50, 90, 385),
(62, '../../IMG/Pokemons/062.png', '../../IMG/Pokemons/062.png', '../../IMG/Pokemons/062Shiny.png', '../../IMG/Pokemons/062Shiny.png', 'Poliwrath', 4, 5, 'Un nedador expert tant en el crol frontal com en la braça de pit. Supera fàcilment els millors nedadors humans.', '54.00', '1.30', 90, 95, 95, 70, 90, 70, 510),
(63, '../../IMG/Pokemons/063.png', '../../IMG/Pokemons/063.png', '../../IMG/Pokemons/063Shiny.png', '../../IMG/Pokemons/063Shiny.png', 'Abra', 8, NULL, 'Utilitzant la seva habilitat per llegir la ment, identificarà el perill imminent i es teletransportarà a un lloc segur.', '19.50', '0.90', 25, 20, 15, 105, 55, 90, 310),
(64, '../../IMG/Pokemons/064M.png', '../../IMG/Pokemons/064F.png', '../../IMG/Pokemons/064MShiny.png', '../../IMG/Pokemons/064FShiny.png', 'Kadabra', 8, NULL, 'Emet ones alfa especials del seu cos que indueixen mal de cap només per estar a prop.', '65.50', '1.30', 40, 35, 30, 120, 70, 105, 400),
(65, '../../IMG/Pokemons/065M.png', '../../IMG/Pokemons/065F.png', '../../IMG/Pokemons/065MShiny.png', '../../IMG/Pokemons/065FShiny.png', 'Alakazam', 8, NULL, 'El seu cervell pot superar un superordinador. Es diu que el seu quocient d\'intel·ligència és de 5.000.', '48.00', '1.50', 55, 50, 45, 135, 95, 120, 500),
(66, '../../IMG/Pokemons/066.png', '../../IMG/Pokemons/066.png', '../../IMG/Pokemons/066Shiny.png', '../../IMG/Pokemons/066Shiny.png', 'Machop', 5, NULL, 'Li encanta construir els seus músculs. Entrena en tots els estils d\'arts marcials per fer-se encara més fort.', '19.50', '0.80', 70, 80, 50, 35, 35, 35, 305),
(67, '../../IMG/Pokemons/067.png', '../../IMG/Pokemons/067.png', '../../IMG/Pokemons/067Shiny.png', '../../IMG/Pokemons/067Shiny.png', 'Machoke', 5, NULL, 'El seu cos musculós és tan potent que ha de portar un cinturó d\'estalvi d\'energia per poder regular els seus moviments.', '70.50', '1.50', 80, 100, 70, 50, 60, 45, 405),
(68, '../../IMG/Pokemons/068.png', '../../IMG/Pokemons/068.png', '../../IMG/Pokemons/068Shiny.png', '../../IMG/Pokemons/068Shiny.png', 'Machamp', 5, NULL, 'Utilitzant els seus músculs pesats, llança cops potents que poden enviar la víctima fora de l\'horitzó.', '130.00', '1.60', 90, 130, 80, 65, 85, 55, 505),
(69, '../../IMG/Pokemons/069.png', '../../IMG/Pokemons/069.png', '../../IMG/Pokemons/069Shiny.png', '../../IMG/Pokemons/069Shiny.png', 'Bellsprout', 2, 7, 'Un pokemon carnívor que atrapa i menja insectes. Utilitza els seus peus d\'arrel per absorbir la humitat necessària.', '4.00', '0.70', 50, 75, 35, 70, 30, 40, 390),
(70, '../../IMG/Pokemons/070.png', '../../IMG/Pokemons/070.png', '../../IMG/Pokemons/070Shiny.png', '../../IMG/Pokemons/070Shiny.png', 'Weepinbell', 2, 7, 'Escup poder verí per immobilitzar l\'enemic i després l\'acaba amb un esprai d\'àcid.', '6.40', '1.00', 65, 90, 50, 85, 45, 55, 390),
(71, '../../IMG/Pokemons/071.png', '../../IMG/Pokemons/071.png', '../../IMG/Pokemons/071Shiny.png', '../../IMG/Pokemons/071Shiny.png', 'Victreebel', 2, 7, '', '15.50', '1.70', 80, 105, 65, 100, 70, 70, 490),
(72, '../../IMG/Pokemons/072.png', '../../IMG/Pokemons/072.png', '../../IMG/Pokemons/072Shiny.png', '../../IMG/Pokemons/072Shiny.png', 'Tentacool', 4, 7, 'Deriva en mars poc profunds. Els pescadors que els enganxen per accident sovint són castigats pel seu àcid urticant.', '45.50', '0.90', 40, 40, 35, 50, 100, 70, 335),
(73, '../../IMG/Pokemons/073.png', '../../IMG/Pokemons/073.png', '../../IMG/Pokemons/073Shiny.png', '../../IMG/Pokemons/073Shiny.png', 'Tentacruel', 4, 7, 'Els tentacles normalment es mantenen curts. A la cacera, s\'estenen per atrapar i immobilitzar les preses.', '55.00', '1.60', 80, 70, 65, 80, 120, 100, 515),
(74, '../../IMG/Pokemons/074.png', '../../IMG/Pokemons/074.png', '../../IMG/Pokemons/074Shiny.png', '../../IMG/Pokemons/074Shiny.png', 'Geodude', 13, 14, 'Found in fields and mountains. Mistaking them for boulders, people often step or trip on them.', '20.00', '0.40', 40, 80, 100, 30, 30, 20, 300),
(75, '../../IMG/Pokemons/075.png', '../../IMG/Pokemons/075.png', '../../IMG/Pokemons/075Shiny.png', '../../IMG/Pokemons/075Shiny.png', 'Graveler', 13, 14, 'Rodolla per pendents per moure\'s. Roda per sobre de qualsevol obstacle sense frenar ni canviar de direcció.', '105.00', '1.00', 55, 95, 115, 45, 45, 35, 390),
(76, '../../IMG/Pokemons/076.png', '../../IMG/Pokemons/076.png', '../../IMG/Pokemons/076Shiny.png', '../../IMG/Pokemons/076Shiny.png', 'Golem', 13, 14, 'El seu cos semblant a una roca és extremadament dur. Pot suportar fàcilment les explosions de dinamita sense danys.', '300.00', '1.40', 80, 120, 130, 55, 65, 45, 495),
(77, '../../IMG/Pokemons/077.png', '../../IMG/Pokemons/077.png', '../../IMG/Pokemons/077Shiny.png', '../../IMG/Pokemons/077Shiny.png', 'Ponyta', 3, NULL, 'Les seves peülles són 10 vegades més dures que els diamants. Pot trepitjar qualsevol cosa completament plana en poc temps.', '30.00', '1.00', 50, 85, 55, 65, 65, 90, 410),
(78, '../../IMG/Pokemons/078.png', '../../IMG/Pokemons/078.png', '../../IMG/Pokemons/078Shiny.png', '../../IMG/Pokemons/078Shiny.png', 'Rapidash', 3, NULL, 'Molt competitiu, aquest pokemon perseguirà qualsevol cosa que es mogui ràpidament amb l\'esperança de competir-hi.', '1.70', '95.00', 65, 100, 70, 80, 80, 105, 500),
(79, '../../IMG/Pokemons/079.png', '../../IMG/Pokemons/079.png', '../../IMG/Pokemons/079Shiny.png', '../../IMG/Pokemons/079Shiny.png', 'Slowpoke', 4, 8, 'Increïblement lent i tonto. Es triga 5 segons a sentir dolor quan està sota atac.', '36.00', '1.20', 90, 65, 65, 40, 40, 15, 315),
(80, '../../IMG/Pokemons/080.png', '../../IMG/Pokemons/080.png', '../../IMG/Pokemons/080Shiny.png', '../../IMG/Pokemons/080Shiny.png', 'Slowbro', 4, 8, 'Es diu que el shellder que s\'enganxa a la cua del slowpoke s\'alimenta de les restes de l\'amfitrió.', '78.50', '1.60', 95, 75, 110, 100, 80, 30, 490),
(81, '../../IMG/Pokemons/081.png', '../../IMG/Pokemons/081.png', '../../IMG/Pokemons/081Shiny.png', '../../IMG/Pokemons/081Shiny.png', 'Magnemite', 10, NULL, 'Utilitza l\'antigravetat per mantenir-se suspès. Apareix sense avís i utilitza ones de tro i moviments similars.', '6.00', '0.30', 25, 35, 70, 95, 55, 45, 325),
(82, '../../IMG/Pokemons/082.png', '../../IMG/Pokemons/082.png', '../../IMG/Pokemons/082Shiny.png', '../../IMG/Pokemons/082Shiny.png', 'Magneton', 10, NULL, 'Format per diverses magnetites unides entre si. Sovint apareixen quan les taques solars esclaten.', '60.00', '1.00', 50, 60, 95, 120, 70, 70, 465),
(83, '../../IMG/Pokemons/083.png', '../../IMG/Pokemons/083.png', '../../IMG/Pokemons/083Shiny.png', '../../IMG/Pokemons/083Shiny.png', 'Farfetch\'d', 1, 15, 'La branca de ceba verde que sosté és la seva arma. S\'utilitza com una espasa de metall.', '15.00', '0.80', 52, 90, 55, 58, 62, 60, 377),
(84, '../../IMG/Pokemons/084M.png', '../../IMG/Pokemons/084F.png', '../../IMG/Pokemons/084MShiny.png', '../../IMG/Pokemons/084FShiny.png', 'Doduo', 1, 15, 'Un ocell que compensa el seu mal vol amb la seva ràpida velocitat de peu. Deixa petjades gegants.', '39.20', '1.40', 35, 85, 45, 35, 35, 75, 310),
(85, '../../IMG/Pokemons/085M.png', '../../IMG/Pokemons/085F.png', '../../IMG/Pokemons/085MShiny.png', '../../IMG/Pokemons/085FShiny.png', 'Dodrio', 1, 15, 'Utilitza els seus tres cervells per executar plans complexos. Mentre dos caps dormen, un cap es manté despert.', '85.20', '1.80', 60, 110, 70, 60, 60, 110, 470),
(86, '../../IMG/Pokemons/086.png', '../../IMG/Pokemons/086.png', '../../IMG/Pokemons/086Shiny.png', '../../IMG/Pokemons/086Shiny.png', 'Seel', 4, NULL, 'La banya que sobresurt del seu cap és molt dura. S\'utilitza per colpejar gel gruixut.', '90.00', '1.10', 65, 45, 55, 45, 70, 45, 325),
(87, '../../IMG/Pokemons/087.png', '../../IMG/Pokemons/087.png', '../../IMG/Pokemons/087Shiny.png', '../../IMG/Pokemons/087Shiny.png', 'Dewgong', 4, 11, 'Emmagatzema energia tèrmica al seu cos. Neda a 8 nusos constants fins i tot en aigües molt fredes.', '120.00', '1.70', 90, 70, 80, 70, 95, 70, 475),
(88, '../../IMG/Pokemons/088.png', '../../IMG/Pokemons/088.png', '../../IMG/Pokemons/088Shiny.png', '../../IMG/Pokemons/088Shiny.png', 'Grimer', 7, NULL, 'Apareix en zones brutes. Prospera aspirant els fangs contaminats que es bombegen fora de les fàbriques.', '30.00', '0.90', 80, 80, 50, 40, 50, 25, 325),
(89, '../../IMG/Pokemons/089.png', '../../IMG/Pokemons/089.png', '../../IMG/Pokemons/089Shiny.png', '../../IMG/Pokemons/089Shiny.png', 'Muk', 7, NULL, 'Coberta gruixuda d\'un fang brut i vil. És tan tòxic que fins i tot les seves petjades contenen verí.', '30.00', '1.20', 105, 105, 75, 65, 100, 50, 500),
(90, '../../IMG/Pokemons/090.png', '../../IMG/Pokemons/090.png', '../../IMG/Pokemons/090Shiny.png', '../../IMG/Pokemons/090Shiny.png', 'Shellder', 4, NULL, 'La seva closca dura repel·leix qualsevol tipus d\'atac. És vulnerable només quan la seva closca està oberta.', '4.00', '0.30', 30, 65, 100, 45, 25, 40, 305),
(91, '../../IMG/Pokemons/091.png', '../../IMG/Pokemons/091.png', '../../IMG/Pokemons/091Shiny.png', '../../IMG/Pokemons/091Shiny.png', 'Cloyster', 4, 11, 'Quan és atacat, llança les seves banyes en ràpides volees. Les seves entranyes no s\'han vist mai.', '132.50', '1.50', 50, 95, 180, 85, 45, 70, 525),
(92, '../../IMG/Pokemons/092.png', '../../IMG/Pokemons/092.png', '../../IMG/Pokemons/092Shiny.png', '../../IMG/Pokemons/092Shiny.png', 'Gastly', 9, 7, 'Gairebé invisible, aquest pokemon gasós amaga l\'objectiu i l\'adorm sense previ avís.', '0.10', '1.30', 30, 35, 30, 100, 35, 80, 310),
(93, '../../IMG/Pokemons/093.png', '../../IMG/Pokemons/093.png', '../../IMG/Pokemons/093Shiny.png', '../../IMG/Pokemons/093Shiny.png', 'Haunter', 9, 7, 'A causa de la seva capacitat per lliscar per les parets de blocs, es diu que és d\'una altra dimensió.', '0.10', '1.60', 45, 50, 45, 115, 55, 95, 405),
(94, '../../IMG/Pokemons/094.png', '../../IMG/Pokemons/094.png', '../../IMG/Pokemons/094Shiny.png', '../../IMG/Pokemons/094Shiny.png', 'Gengar', 9, 7, 'Sota la lluna plena, a aquest pokemon li agrada imitar les ombres de la gent i riure\'s del seu ensurt.', '40.50', '1.50', 60, 65, 60, 130, 75, 110, 500),
(95, '../../IMG/Pokemons/095.png', '../../IMG/Pokemons/095.png', '../../IMG/Pokemons/095Shiny.png', '../../IMG/Pokemons/095Shiny.png', 'Onix', 13, 14, 'A mesura que creix, les parts de pedra del seu cos s\'endureixen per convertir-se en semblants a un diamant, però de color negre.', '210.00', '8.80', 35, 45, 160, 30, 45, 70, 385),
(96, '../../IMG/Pokemons/096.png', '../../IMG/Pokemons/096.png', '../../IMG/Pokemons/096Shiny.png', '../../IMG/Pokemons/096Shiny.png', 'Drowzee', 8, NULL, 'Dorm els enemics i es menja els seus somnis. De tant en tant es posa malalt per menjar mals somnis.', '32.40', '1.00', 60, 48, 45, 43, 90, 42, 328),
(97, '../../IMG/Pokemons/097M.png', '../../IMG/Pokemons/097F.png', '../../IMG/Pokemons/097MShiny.png', '../../IMG/Pokemons/097FShiny.png', 'Hypno', 8, NULL, 'Quan tanca els ulls amb un enemic, utilitzarà una barreja de moviments PSI com la hipnosi i la confusió.', '75.60', '1.60', 85, 73, 70, 73, 115, 67, 483),
(98, '../../IMG/Pokemons/098.png', '../../IMG/Pokemons/098.png', '../../IMG/Pokemons/098Shiny.png', '../../IMG/Pokemons/098Shiny.png', 'Krabby', 4, NULL, 'Les seves pinces no només són armes poderoses, sinó que s\'utilitzen per a l\'equilibri quan es camina de costat.', '6.50', '0.40', 30, 105, 90, 25, 25, 50, 325),
(99, '../../IMG/Pokemons/099.png', '../../IMG/Pokemons/099.png', '../../IMG/Pokemons/099Shiny.png', '../../IMG/Pokemons/099Shiny.png', 'Kingler', 4, NULL, 'La pinça gran té 10.000 CV de potència de trituració. Tanmateix, la seva gran mida fa que sigui difícil d\'utilitzar.', '60.00', '1.30', 55, 130, 115, 50, 50, 75, 475),
(100, '../../IMG/Pokemons/100.png', '../../IMG/Pokemons/100.png', '../../IMG/Pokemons/100Shiny.png', '../../IMG/Pokemons/100Shiny.png', 'Voltorb', 10, NULL, 'Normalment es troba a les centrals elèctriques. Fàcilment confós amb una pokeball, han arruïnat molta gent.', '10.40', '0.50', 40, 30, 50, 55, 55, 100, 330),
(101, '../../IMG/Pokemons/101.png', '../../IMG/Pokemons/101.png', '../../IMG/Pokemons/101Shiny.png', '../../IMG/Pokemons/101Shiny.png', 'Electrode', 10, NULL, 'Emmagatzema energia elèctrica a molt alta pressió. Sovint explota amb poca o cap provocació.', '66.60', '1.20', 60, 50, 70, 80, 80, 150, 490),
(102, '../../IMG/Pokemons/102.png', '../../IMG/Pokemons/102.png', '../../IMG/Pokemons/102Shiny.png', '../../IMG/Pokemons/102Shiny.png', 'Exeggcute', 2, 8, 'Sovint es confon amb ous. Quan els molesten, s\'apleguen ràpidament i ataquen en eixams.', '2.50', '0.40', 60, 40, 80, 60, 45, 40, 325),
(103, '../../IMG/Pokemons/103.png', '../../IMG/Pokemons/103.png', '../../IMG/Pokemons/103Shiny.png', '../../IMG/Pokemons/103Shiny.png', 'Exeggutor', 2, 8, 'La llegenda diu que en rares ocasions, un dels seus caps baixarà i continuarà com un exeggcute.', '120.00', '2.00', 95, 95, 85, 125, 75, 55, 530),
(104, '../../IMG/Pokemons/104.png', '../../IMG/Pokemons/104.png', '../../IMG/Pokemons/104Shiny.png', '../../IMG/Pokemons/104Shiny.png', 'Cubone', 14, NULL, 'Com que no es treu mai el casc de la calavera, ningú no ha vist mai la cara real d\'aquest pokemon.', '6.50', '0.40', 50, 50, 95, 45, 50, 35, 320),
(105, '../../IMG/Pokemons/105.png', '../../IMG/Pokemons/105.png', '../../IMG/Pokemons/105Shiny.png', '../../IMG/Pokemons/105Shiny.png', 'Marowak', 14, NULL, 'L\'os que sosté és la seva arma clau. Llança l\'os amb habilitat com un bumerang per fer KO objectius.', '45.00', '1.00', 60, 80, 110, 50, 80, 45, 425),
(106, '../../IMG/Pokemons/106.png', '../../IMG/Pokemons/106.png', '../../IMG/Pokemons/106Shiny.png', '../../IMG/Pokemons/106Shiny.png', 'Hitmonlee', 5, NULL, 'Quan té pressa, les seves cames s\'allargan progressivament. Funciona sense problemes amb passos extra llargs i llaurats.', '49.80', '1.50', 50, 120, 53, 35, 110, 87, 455),
(107, '../../IMG/Pokemons/107.png', '../../IMG/Pokemons/107.png', '../../IMG/Pokemons/107Shiny.png', '../../IMG/Pokemons/107Shiny.png', 'Hitmonchan', 5, NULL, 'Tot i que aparentment no fa res, dispara cops en volees ràpides com un llamp que són impossibles de veure.', '50.20', '1.40', 50, 105, 79, 35, 110, 76, 455),
(108, '../../IMG/Pokemons/108.png', '../../IMG/Pokemons/108.png', '../../IMG/Pokemons/108Shiny.png', '../../IMG/Pokemons/108Shiny.png', 'Lickitung', 1, NULL, 'La seva llengua es pot estendre com la d\'un camaleó. Deixa una sensació de formigueig quan llepa els enemics.', '35.50', '1.20', 90, 55, 75, 60, 75, 30, 385),
(109, '../../IMG/Pokemons/109.png', '../../IMG/Pokemons/109.png', '../../IMG/Pokemons/109Shiny.png', '../../IMG/Pokemons/109Shiny.png', 'Koffing', 7, NULL, 'Com que emmagatzema diversos tipus de gasos tòxics al seu cos, és propens a explotar sense previ avís.', '1.00', '0.60', 40, 65, 95, 60, 45, 35, 340),
(110, '../../IMG/Pokemons/110.png', '../../IMG/Pokemons/110.png', '../../IMG/Pokemons/110Shiny.png', '../../IMG/Pokemons/110Shiny.png', 'Weezing', 7, NULL, 'Allà on es troben dos tipus de gasos verinosos, 2 koffings es poden fusionar en una escarba durant molts anys.', '9.50', '1.20', 65, 90, 120, 85, 75, 65, 490),
(111, '../../IMG/Pokemons/111M.png', '../../IMG/Pokemons/111F.png', '../../IMG/Pokemons/111MShiny.png', '../../IMG/Pokemons/111FShiny.png', 'Rhyhorn', 14, 13, 'Els seus ossos massius són 1000 vegades més durs que els ossos humans. Pot colpejar fàcilment un remolc volant.', '115.00', '1.00', 80, 85, 95, 30, 30, 25, 345),
(112, '../../IMG/Pokemons/112M.png', '../../IMG/Pokemons/112F.png', '../../IMG/Pokemons/112MShiny.png', '../../IMG/Pokemons/112FShiny.png', 'Rhydon', 14, 13, 'Protegit per una pell semblant a una armadura, és capaç de viure en lava fosa de 3.600 graus.', '120.00', '1.90', 105, 130, 120, 45, 45, 40, 485),
(113, '../../IMG/Pokemons/113.png', '../../IMG/Pokemons/113.png', '../../IMG/Pokemons/113Shiny.png', '../../IMG/Pokemons/113Shiny.png', 'Chansey', 1, NULL, 'Un pokemon rar i esquivat que es diu que porta felicitat a aquells que aconsegueixen aconseguir-ho.', '34.60', '1.10', 250, 5, 5, 35, 105, 50, 450),
(114, '../../IMG/Pokemons/114.png', '../../IMG/Pokemons/114.png', '../../IMG/Pokemons/114Shiny.png', '../../IMG/Pokemons/114Shiny.png', 'Tangela', 2, NULL, 'Tot el cos està embolicat de vinyes amples semblants a les algues. Les seves vinyes tremolen mentre camina.', '35.00', '1.00', 65, 55, 115, 100, 45, 65, 435),
(115, '../../IMG/Pokemons/115.png', '../../IMG/Pokemons/115.png', '../../IMG/Pokemons/115Shiny.png', '../../IMG/Pokemons/115Shiny.png', 'Kangaskhan', 1, NULL, 'El nen rarament surt de la bossa protectora de la seva mare fins als 3 anys.', '80.00', '2.20', 105, 95, 85, 40, 85, 90, 490),
(116, '../../IMG/Pokemons/116.png', '../../IMG/Pokemons/116.png', '../../IMG/Pokemons/116Shiny.png', '../../IMG/Pokemons/116Shiny.png', 'Horsea', 4, NULL, 'Conegut per abatre els insectes voladors amb explosions de tinta de precisió des de la superfície de l\'aigua.', '8.00', '0.40', 30, 40, 70, 70, 25, 60, 295),
(117, '../../IMG/Pokemons/117.png', '../../IMG/Pokemons/117.png', '../../IMG/Pokemons/117Shiny.png', '../../IMG/Pokemons/117Shiny.png', 'Seadra', 4, NULL, 'Capaç de nedar cap enrere movent ràpidament les seves aletes pectorals en forma d\'ala i la cua robusta.', '25.00', '1.20', 55, 65, 95, 95, 45, 85, 440),
(118, '../../IMG/Pokemons/118M.png', '../../IMG/Pokemons/118F.png', '../../IMG/Pokemons/118MShiny.png', '../../IMG/Pokemons/118FShiny.png', 'Goldeen', 4, NULL, 'La seva aleta caudal es mou com un vestit de ball elegant, donant-li el sobrenom de la reina de l\'aigua.', '15.00', '0.60', 45, 67, 60, 35, 50, 63, 320),
(119, '../../IMG/Pokemons/119M.png', '../../IMG/Pokemons/119F.png', '../../IMG/Pokemons/119MShiny.png', '../../IMG/Pokemons/119FShiny.png', 'Seaking', 4, NULL, 'A l\'època de posta de tardor, se\'ls pot veure nedant poderosament rius i rieres.', '39.00', '1.30', 80, 92, 65, 65, 80, 68, 450),
(120, '../../IMG/Pokemons/120.png', '../../IMG/Pokemons/120.png', '../../IMG/Pokemons/120Shiny.png', '../../IMG/Pokemons/120Shiny.png', 'Staryu', 4, NULL, 'Un Pokémon enigmàtic que pot regenerar sense esforç qualsevol apèndix que perdi a la batalla.', '34.50', '0.80', 30, 45, 55, 70, 55, 85, 340),
(121, '../../IMG/Pokemons/121.png', '../../IMG/Pokemons/121.png', '../../IMG/Pokemons/121Shiny.png', '../../IMG/Pokemons/121Shiny.png', 'Starmie', 4, 8, 'El seu nucli central brilla amb els set colors de l\'arc de Sant Martí. Algunes persones valoren el nucli com una joia.', '80.00', '1.10', 60, 75, 85, 100, 85, 115, 520),
(122, '../../IMG/Pokemons/122.png', '../../IMG/Pokemons/122.png', '../../IMG/Pokemons/122Shiny.png', '../../IMG/Pokemons/122Shiny.png', 'Mr. Mime', 8, NULL, 'Si s\'interromp mentre està fent mímica, donarà una bufetada al delinqüent amb les seves mans amples.', '54.50', '1.30', 40, 45, 6, 100, 120, 90, 460),
(123, '../../IMG/Pokemons/123M.png', '../../IMG/Pokemons/123F.png', '../../IMG/Pokemons/123MShiny.png', '../../IMG/Pokemons/123FShiny.png', 'Scyther', 6, 15, 'Amb agilitat i velocitat semblants als ninja, pot crear la il·lusió que n\'hi ha més d\'un.', '56.00', '1.50', 70, 110, 80, 55, 80, 105, 500),
(124, '../../IMG/Pokemons/124.png', '../../IMG/Pokemons/124.png', '../../IMG/Pokemons/124Shiny.png', '../../IMG/Pokemons/124Shiny.png', 'Jynx', 11, 8, 'Moveja seductorament els malucs mentre camina. Pot fer que la gent balli a l\'uníson amb ell.', '40.60', '1.40', 65, 50, 35, 115, 95, 95, 455),
(125, '../../IMG/Pokemons/125.png', '../../IMG/Pokemons/125.png', '../../IMG/Pokemons/125Shiny.png', '../../IMG/Pokemons/125Shiny.png', 'Electabuzz', 10, NULL, 'Normalment es troben a prop de les centrals elèctriques, poden allunyar-se i causar apagats importants a les ciutats.', '30.00', '1.10', 65, 83, 57, 95, 85, 105, 490),
(126, '../../IMG/Pokemons/126.png', '../../IMG/Pokemons/126.png', '../../IMG/Pokemons/126Shiny.png', '../../IMG/Pokemons/126Shiny.png', 'Magmar', 3, NULL, 'El seu cos sempre crema amb un resplendor taronja que li permet amagar-se perfectament entre les flames.', '44.50', '1.30', 65, 95, 57, 100, 85, 93, 495),
(127, '../../IMG/Pokemons/127.png', '../../IMG/Pokemons/127.png', '../../IMG/Pokemons/127Shiny.png', '../../IMG/Pokemons/127Shiny.png', 'Pinsir', 6, NULL, 'Si no aconsegueix aixafar la víctima amb les seves pinces, la girarà i la llançarà amb força.', '55.00', '1.50', 65, 125, 100, 55, 70, 85, 500),
(128, '../../IMG/Pokemons/128.png', '../../IMG/Pokemons/128.png', '../../IMG/Pokemons/128Shiny.png', '../../IMG/Pokemons/128Shiny.png', 'Tauros', 1, NULL, 'Quan apunta a un enemic, carrega furiós mentre bateja el seu cos amb les seves llargues cues.', '88.40', '1.40', 75, 100, 95, 40, 70, 110, 490),
(129, '../../IMG/Pokemons/129M.png', '../../IMG/Pokemons/129F.png', '../../IMG/Pokemons/129MShiny.png', '../../IMG/Pokemons/129FShiny.png', 'Magikarp', 4, NULL, 'En el passat llunyà, era una mica més fort que els horriblement febles descendents que existeixen avui.', '10.00', '0.90', 20, 10, 55, 15, 20, 80, 200),
(130, '../../IMG/Pokemons/130M.png', '../../IMG/Pokemons/130F.png', '../../IMG/Pokemons/130MShiny.png', '../../IMG/Pokemons/130FShiny.png', 'Gyarados', 4, 15, 'Poques vegades es veu a la natura. Enorme i viciós, és capaç de destruir ciutats senceres amb ràbia.', '235.00', '6.50', 95, 125, 79, 60, 100, 81, 540),
(131, '../../IMG/Pokemons/131.png', '../../IMG/Pokemons/131.png', '../../IMG/Pokemons/131Shiny.png', '../../IMG/Pokemons/131Shiny.png', 'Lapras', 4, 11, 'Un Pokémon que ha estat caçat gairebé fins a l\'extinció. Pot fer transportar persones a través de l\'aigua.', '220.00', '2.50', 130, 85, 80, 85, 95, 60, 535),
(132, '../../IMG/Pokemons/132.png', '../../IMG/Pokemons/132.png', '../../IMG/Pokemons/132Shiny.png', '../../IMG/Pokemons/132Shiny.png', 'Ditto', 1, NULL, 'Capaç de copiar el codi genètic d\'un enemic per transformar-se instantàniament en un duplicat de l\'enemic.', '4.00', '0.30', 48, 48, 48, 48, 48, 48, 288),
(133, '../../IMG/Pokemons/133.png', '../../IMG/Pokemons/133.png', '../../IMG/Pokemons/133Shiny.png', '../../IMG/Pokemons/133Shiny.png', 'Eevee', 1, NULL, 'El seu codi genètic és irregular. Pot mutar si s\'exposa a la radiació de les pedres elementals.', '6.50', '0.30', 55, 55, 50, 45, 65, 55, 325),
(134, '../../IMG/Pokemons/134.png', '../../IMG/Pokemons/134.png', '../../IMG/Pokemons/134Shiny.png', '../../IMG/Pokemons/134Shiny.png', 'Vaporeon', 4, NULL, 'Viu prop de l\'aigua. La seva llarga cua té una aleta que sovint es confon amb la d\'una sirena.', '29.00', '1.00', 130, 65, 60, 110, 95, 65, 525),
(135, '../../IMG/Pokemons/135.png', '../../IMG/Pokemons/135.png', '../../IMG/Pokemons/135Shiny.png', '../../IMG/Pokemons/135Shiny.png', 'Jolteon', 10, NULL, 'Acumula ions negatius a l\'atmosfera per disparar llamps de 10.000 volts.', '24.50', '0.80', 65, 65, 60, 110, 95, 130, 525),
(136, '../../IMG/Pokemons/136.png', '../../IMG/Pokemons/136.png', '../../IMG/Pokemons/136Shiny.png', '../../IMG/Pokemons/136Shiny.png', 'Flareon', 4, NULL, 'Quan s\'emmagatzema energia tèrmica al seu cos, la seva temperatura podria augmentar fins als 1600 graus.', '25.00', '0.90', 65, 130, 60, 95, 110, 65, 525),
(137, '../../IMG/Pokemons/137.png', '../../IMG/Pokemons/137.png', '../../IMG/Pokemons/137Shiny.png', '../../IMG/Pokemons/137Shiny.png', 'Porygon', 1, NULL, 'Un pokemon que consisteix completament en codi de programació. Capaç de moure\'s lliurement al ciberespai.', '36.50', '0.80', 65, 60, 70, 85, 75, 45, 395),
(138, '../../IMG/Pokemons/138.png', '../../IMG/Pokemons/138.png', '../../IMG/Pokemons/138Shiny.png', '../../IMG/Pokemons/138Shiny.png', 'Omanyte', 13, 4, 'Encara que s\'ha extingit fa temps, en casos rars, pot ressuscitar genèticament a partir de fòssils.', '7.50', '0.40', 35, 40, 100, 90, 55, 35, 355),
(139, '../../IMG/Pokemons/139.png', '../../IMG/Pokemons/139.png', '../../IMG/Pokemons/139Shiny.png', '../../IMG/Pokemons/139Shiny.png', 'Omastar', 13, 4, 'Un pokemon prehistòric que es va extingir quan la seva gruixuda closca va fer impossible atrapar preses.', '35.00', '1.00', 70, 60, 125, 115, 70, 55, 495),
(140, '../../IMG/Pokemons/140.png', '../../IMG/Pokemons/140.png', '../../IMG/Pokemons/140Shiny.png', '../../IMG/Pokemons/140Shiny.png', 'Kabuto', 13, 4, 'Un pokemon que va ressuscitar d\'un fòssil trobat al que va ser el fons de l\'oceà fa eons.', '11.50', '0.50', 30, 80, 90, 55, 45, 55, 355),
(141, '../../IMG/Pokemons/141.png', '../../IMG/Pokemons/141.png', '../../IMG/Pokemons/141Shiny.png', '../../IMG/Pokemons/141Shiny.png', 'Kabutops', 13, 4, 'La seva forma elegant és perfecta per nedar. Talla les preses amb les seves urpes i drena els líquids corporals.', '40.50', '1.30', 60, 115, 105, 65, 70, 85, 495),
(142, '../../IMG/Pokemons/142.png', '../../IMG/Pokemons/142.png', '../../IMG/Pokemons/142Shiny.png', '../../IMG/Pokemons/142Shiny.png', 'Aerodactyl', 13, 15, 'Un pokemon prehistòric ferotge que va a la gola de l\'enemic amb els seus ullals de serra dentada.', '59.00', '1.80', 80, 105, 65, 60, 75, 130, 515),
(143, '../../IMG/Pokemons/143.png', '../../IMG/Pokemons/143.png', '../../IMG/Pokemons/143Shiny.png', '../../IMG/Pokemons/143Shiny.png', 'Snorlax', 1, NULL, 'Molt mandrosa. Només menja i dorm. A mesura que augmenta el seu gruix, es torna cada cop més mandrós.', '460.00', '2.10', 160, 110, 65, 65, 110, 30, 540),
(144, '../../IMG/Pokemons/144.png', '../../IMG/Pokemons/144.png', '../../IMG/Pokemons/144Shiny.png', '../../IMG/Pokemons/144Shiny.png', 'Articuno', 11, 15, 'Un llegendari pokemon ocell que es diu que apareix a persones condemnats que es perden a les muntanyes gelades.', '55.40', '1.70', 90, 85, 100, 95, 125, 85, 580),
(145, '../../IMG/Pokemons/145.png', '../../IMG/Pokemons/145.png', '../../IMG/Pokemons/145Shiny.png', '../../IMG/Pokemons/145Shiny.png', 'Zapdos', 10, 15, 'Un llegendari pokemon ocell que es diu que apareix dels núvols mentre deixa caure enormes llamps.', '52.60', '1.60', 90, 90, 85, 125, 90, 100, 580),
(146, '../../IMG/Pokemons/146.png', '../../IMG/Pokemons/146.png', '../../IMG/Pokemons/146Shiny.png', '../../IMG/Pokemons/146Shiny.png', 'Moltres', 3, 15, 'Conegut com el llegendari ocell de foc. Cada aleta de les seves ales crea un llampec enlluernador de flames.', '60.00', '2.00', 90, 100, 90, 125, 85, 90, 580),
(147, '../../IMG/Pokemons/147.png', '../../IMG/Pokemons/147.png', '../../IMG/Pokemons/147Shiny.png', '../../IMG/Pokemons/147Shiny.png', 'Dratini', 12, NULL, 'Durant molt de temps es va considerar un pokemon mític fins fa poc quan es va trobar una petita colònia vivint sota l\'aigua.', '3.30', '1.80', 41, 65, 45, 50, 50, 50, 300),
(148, '../../IMG/Pokemons/148.png', '../../IMG/Pokemons/148.png', '../../IMG/Pokemons/148Shiny.png', '../../IMG/Pokemons/148Shiny.png', 'Dragonair', 12, NULL, 'Un Pokémon místic que desprèn una aura suau. Té la capacitat de canviar les condicions climàtiques.', '16.50', '4.00', 61, 84, 65, 70, 70, 70, 420),
(149, '../../IMG/Pokemons/149.png', '../../IMG/Pokemons/149.png', '../../IMG/Pokemons/149Shiny.png', '../../IMG/Pokemons/149Shiny.png', 'Dragonite', 12, 15, 'Un pokemon marí molt poc vist. Es diu que la seva intel·ligència coincideix amb la dels humans.', '210.00', '2.20', 91, 134, 95, 100, 100, 80, 600),
(150, '../../IMG/Pokemons/150.png', '../../IMG/Pokemons/150.png', '../../IMG/Pokemons/150Shiny.png', '../../IMG/Pokemons/150Shiny.png', 'Mewtwo', 8, NULL, 'Va ser creat per un científic després d\'anys d\'horribles splicing genètic i experiments d\'enginyeria d\'ADN.', '122.00', '2.00', 106, 110, 90, 154, 90, 130, 680),
(151, '../../IMG/Pokemons/151.png', '../../IMG/Pokemons/151.png', '../../IMG/Pokemons/151Shiny.png', '../../IMG/Pokemons/151Shiny.png', 'Mew', 8, NULL, 'Tan rar que encara es diu que és un miratge per molts experts. Només poques persones l\'han vist arreu del món.', '4.00', '0.40', 100, 100, 100, 100, 100, 100, 600);

-- --------------------------------------------------------

--
-- Estructura de tabla para la tabla `pokemon_moviments`
--

DROP TABLE IF EXISTS `pokemon_moviments`;
CREATE TABLE IF NOT EXISTS `pokemon_moviments` (
  `ID_pokemon` int(11) NOT NULL,
  `ID_moviment` int(11) NOT NULL,
  PRIMARY KEY (`ID_pokemon`,`ID_moviment`),
  KEY `fk_pokemon_moviment_moviment` (`ID_moviment`)
) ENGINE=InnoDB DEFAULT CHARSET=utf8mb4 COLLATE=utf8mb4_spanish2_ci;

--
-- Volcado de datos para la tabla `pokemon_moviments`
--

INSERT INTO `pokemon_moviments` (`ID_pokemon`, `ID_moviment`) VALUES
(43, 1),
(44, 1),
(69, 1),
(70, 1),
(71, 1),
(102, 1),
(103, 1),
(23, 2),
(24, 2),
(43, 2),
(44, 2),
(45, 2),
(69, 2),
(70, 2),
(71, 2),
(102, 2),
(103, 2),
(123, 2),
(150, 4),
(15, 5),
(16, 5),
(17, 5),
(18, 5),
(21, 5),
(22, 5),
(25, 5),
(83, 5),
(84, 5),
(85, 5),
(127, 5),
(142, 5),
(146, 5),
(147, 5),
(148, 5),
(149, 5),
(150, 6),
(39, 7),
(40, 7),
(48, 7),
(49, 7),
(150, 7),
(4, 8),
(5, 8),
(6, 8),
(27, 8),
(28, 8),
(29, 8),
(30, 8),
(31, 8),
(46, 8),
(47, 8),
(50, 8),
(51, 8),
(52, 8),
(53, 8),
(56, 8),
(57, 8),
(74, 8),
(75, 8),
(76, 8),
(95, 8),
(98, 8),
(99, 8),
(104, 8),
(105, 8),
(108, 8),
(111, 8),
(112, 8),
(115, 8),
(128, 8),
(130, 8),
(133, 8),
(4, 10),
(5, 10),
(6, 10),
(37, 10),
(38, 10),
(58, 10),
(59, 10),
(77, 10),
(78, 10),
(126, 10),
(136, 10),
(144, 11),
(16, 12),
(17, 12),
(18, 12),
(21, 12),
(22, 12),
(146, 12),
(151, 12),
(16, 13),
(17, 13),
(18, 13),
(41, 13),
(42, 13),
(16, 14),
(17, 14),
(18, 14),
(27, 14),
(28, 14),
(50, 14),
(51, 14),
(74, 14),
(75, 14),
(76, 14),
(95, 14),
(15, 15),
(21, 15),
(22, 15),
(32, 15),
(33, 15),
(56, 15),
(57, 15),
(62, 15),
(66, 15),
(67, 15),
(68, 15),
(123, 15),
(127, 15),
(16, 17),
(17, 17),
(18, 17),
(19, 17),
(20, 17),
(25, 17),
(37, 17),
(38, 17),
(54, 17),
(55, 17),
(56, 17),
(57, 17),
(58, 17),
(59, 17),
(77, 17),
(78, 17),
(81, 17),
(82, 17),
(83, 17),
(84, 17),
(85, 17),
(100, 17),
(101, 17),
(147, 18),
(148, 18),
(149, 18),
(150, 19),
(151, 19),
(23, 20),
(24, 20),
(27, 20),
(28, 20),
(31, 20),
(34, 20),
(50, 20),
(51, 20),
(74, 20),
(75, 20),
(76, 20),
(95, 20),
(104, 20),
(105, 20),
(111, 20),
(112, 20),
(151, 20),
(150, 21),
(151, 23),
(7, 26),
(8, 26),
(9, 26),
(60, 26),
(61, 26),
(62, 26),
(86, 26),
(87, 26),
(90, 26),
(91, 26),
(98, 26),
(99, 26),
(118, 26),
(119, 26),
(4, 27),
(5, 27),
(6, 27),
(7, 27),
(8, 27),
(9, 27),
(15, 27),
(19, 27),
(20, 27),
(23, 27),
(24, 27),
(26, 27),
(27, 27),
(28, 27),
(29, 27),
(30, 27),
(31, 27),
(32, 27),
(33, 27),
(34, 27),
(35, 27),
(36, 27),
(37, 27),
(38, 27),
(39, 27),
(40, 27),
(46, 27),
(47, 27),
(52, 27),
(53, 27),
(54, 27),
(55, 27),
(56, 27),
(57, 27),
(60, 27),
(61, 27),
(62, 27),
(63, 27),
(64, 27),
(65, 27),
(66, 27),
(67, 27),
(68, 27),
(74, 27),
(75, 27),
(76, 27),
(77, 27),
(78, 27),
(79, 27),
(80, 27),
(86, 27),
(87, 27),
(90, 27),
(91, 27),
(95, 27),
(96, 27),
(97, 27),
(98, 27),
(99, 27),
(104, 27),
(105, 27),
(106, 27),
(107, 27),
(108, 27),
(111, 27),
(112, 27),
(115, 27),
(123, 27),
(127, 27),
(128, 27),
(130, 27),
(143, 27),
(147, 27),
(148, 27),
(149, 27),
(150, 27),
(151, 27),
(35, 28),
(36, 28),
(39, 28),
(40, 28),
(54, 28),
(55, 28),
(79, 28),
(80, 28),
(113, 28),
(133, 28),
(23, 30),
(24, 30),
(42, 30),
(52, 30),
(53, 30),
(108, 30),
(109, 30),
(110, 30),
(116, 30),
(117, 30),
(41, 31),
(42, 31),
(46, 31),
(47, 31),
(48, 31),
(49, 31),
(151, 33),
(12, 34),
(48, 34),
(49, 34),
(150, 34),
(23, 35),
(24, 35),
(147, 35),
(148, 35),
(149, 35),
(4, 36),
(5, 36),
(6, 36),
(7, 36),
(8, 36),
(9, 36),
(31, 36),
(34, 36),
(35, 36),
(36, 36),
(39, 36),
(40, 36),
(55, 36),
(107, 36),
(115, 36),
(143, 36),
(150, 36),
(151, 36),
(32, 38),
(33, 38),
(34, 38),
(1, 39),
(2, 39),
(3, 39),
(4, 39),
(5, 39),
(6, 39),
(15, 39),
(27, 39),
(28, 39),
(43, 39),
(44, 39),
(45, 39),
(46, 39),
(47, 39),
(50, 39),
(51, 39),
(69, 39),
(70, 39),
(71, 39),
(74, 39),
(75, 39),
(76, 39),
(95, 39),
(102, 39),
(103, 39),
(104, 39),
(105, 39),
(111, 39),
(112, 39),
(114, 39),
(151, 39),
(4, 40),
(5, 40),
(6, 40),
(27, 40),
(28, 40),
(46, 40),
(47, 40),
(50, 40),
(51, 40),
(52, 40),
(53, 40),
(95, 40),
(104, 40),
(105, 40),
(108, 40),
(111, 40),
(112, 40),
(1, 41),
(2, 41),
(3, 41),
(4, 41),
(5, 41),
(6, 41),
(15, 41),
(27, 41),
(28, 41),
(43, 41),
(44, 41),
(45, 41),
(46, 41),
(47, 41),
(69, 41),
(70, 41),
(71, 41),
(72, 41),
(73, 41),
(114, 41),
(151, 41),
(43, 42),
(44, 42),
(45, 42),
(69, 42),
(70, 42),
(71, 42),
(102, 42),
(103, 42),
(1, 43),
(2, 43),
(3, 43),
(4, 43),
(5, 43),
(6, 43),
(7, 43),
(8, 43),
(9, 43),
(12, 43),
(15, 43),
(16, 43),
(17, 43),
(18, 43),
(19, 43),
(20, 43),
(21, 43),
(22, 43),
(23, 43),
(24, 43),
(26, 43),
(27, 43),
(28, 43),
(29, 43),
(30, 43),
(31, 43),
(32, 43),
(33, 43),
(34, 43),
(35, 43),
(36, 43),
(37, 43),
(38, 43),
(39, 43),
(40, 43),
(41, 43),
(42, 43),
(43, 43),
(44, 43),
(45, 43),
(46, 43),
(47, 43),
(49, 43),
(50, 43),
(51, 43),
(52, 43),
(53, 43),
(54, 43),
(55, 43),
(56, 43),
(57, 43),
(58, 43),
(59, 43),
(60, 43),
(61, 43),
(62, 43),
(66, 43),
(67, 43),
(68, 43),
(69, 43),
(70, 43),
(71, 43),
(72, 43),
(73, 43),
(74, 43),
(75, 43),
(76, 43),
(77, 43),
(78, 43),
(79, 43),
(80, 43),
(81, 43),
(82, 43),
(83, 43),
(84, 43),
(85, 43),
(86, 43),
(87, 43),
(88, 43),
(89, 43),
(90, 43),
(91, 43),
(92, 43),
(93, 43),
(94, 43),
(95, 43),
(96, 43),
(97, 43),
(98, 43),
(99, 43),
(100, 43),
(101, 43),
(102, 43),
(103, 43),
(104, 43),
(105, 43),
(108, 43),
(109, 43),
(110, 43),
(111, 43),
(112, 43),
(113, 43),
(114, 43),
(115, 43),
(116, 43),
(117, 43),
(118, 43),
(119, 43),
(120, 43),
(121, 43),
(122, 43),
(123, 43),
(124, 43),
(125, 43),
(126, 43),
(127, 43),
(128, 43),
(130, 43),
(131, 43),
(133, 43),
(134, 43),
(135, 43),
(136, 43),
(137, 43),
(138, 43),
(142, 43),
(143, 43),
(144, 43),
(145, 43),
(146, 43),
(147, 43),
(148, 43),
(149, 43),
(150, 43),
(151, 43),
(1, 44),
(2, 44),
(3, 44),
(46, 44),
(47, 44),
(1, 45),
(2, 45),
(3, 45),
(4, 45),
(5, 45),
(6, 45),
(7, 45),
(8, 45),
(9, 45),
(12, 45),
(15, 45),
(16, 45),
(17, 45),
(18, 45),
(19, 45),
(20, 45),
(21, 45),
(22, 45),
(23, 45),
(24, 45),
(26, 45),
(27, 45),
(28, 45),
(29, 45),
(30, 45),
(31, 45),
(32, 45),
(33, 45),
(34, 45),
(35, 45),
(36, 45),
(37, 45),
(38, 45),
(39, 45),
(40, 45),
(41, 45),
(42, 45),
(43, 45),
(44, 45),
(45, 45),
(46, 45),
(47, 45),
(48, 45),
(49, 45),
(50, 45),
(51, 45),
(52, 45),
(53, 45),
(54, 45),
(55, 45),
(56, 45),
(57, 45),
(58, 45),
(59, 45),
(60, 45),
(61, 45),
(62, 45),
(63, 45),
(64, 45),
(65, 45),
(66, 45),
(67, 45),
(68, 45),
(69, 45),
(70, 45),
(71, 45),
(72, 45),
(73, 45),
(74, 45),
(75, 45),
(76, 45),
(77, 45),
(78, 45),
(79, 45),
(80, 45),
(81, 45),
(82, 45),
(83, 45),
(84, 45),
(85, 45),
(86, 45),
(87, 45),
(88, 45),
(89, 45),
(90, 45),
(91, 45),
(92, 45),
(93, 45),
(94, 45),
(95, 45),
(96, 45),
(97, 45),
(98, 45),
(99, 45),
(100, 45),
(101, 45),
(102, 45),
(103, 45),
(104, 45),
(105, 45),
(106, 45),
(107, 45),
(108, 45),
(109, 45),
(110, 45),
(111, 45),
(112, 45),
(113, 45),
(114, 45),
(115, 45),
(116, 45),
(117, 45),
(118, 45),
(119, 45),
(120, 45),
(121, 45),
(122, 45),
(123, 45),
(124, 45),
(125, 45),
(126, 45),
(127, 45),
(128, 45),
(130, 45),
(131, 45),
(133, 45),
(134, 45),
(135, 45),
(136, 45),
(137, 45),
(138, 45),
(139, 45),
(140, 45),
(141, 45),
(142, 45),
(143, 45),
(144, 45),
(145, 45),
(146, 45),
(147, 45),
(148, 45),
(149, 45),
(150, 45),
(151, 45),
(23, 46),
(24, 46),
(12, 47),
(26, 47),
(35, 47),
(36, 47),
(39, 47),
(40, 47),
(48, 47),
(49, 47),
(113, 47),
(150, 47),
(151, 47),
(35, 48),
(39, 48),
(40, 48),
(54, 48),
(55, 48),
(113, 48),
(151, 48),
(26, 49),
(31, 49),
(34, 49),
(52, 49),
(53, 49),
(55, 49),
(151, 49),
(10, 50),
(13, 50),
(15, 51),
(35, 52),
(36, 52),
(39, 52),
(40, 52),
(143, 52),
(1, 53),
(2, 53),
(3, 53),
(4, 53),
(5, 53),
(6, 53),
(7, 53),
(8, 53),
(9, 53),
(12, 53),
(15, 53),
(16, 53),
(17, 53),
(18, 53),
(19, 53),
(20, 53),
(21, 53),
(22, 53),
(23, 53),
(24, 53),
(26, 53),
(27, 53),
(28, 53),
(29, 53),
(30, 53),
(31, 53),
(32, 53),
(33, 53),
(34, 53),
(35, 53),
(36, 53),
(37, 53),
(38, 53),
(39, 53),
(40, 53),
(41, 53),
(42, 53),
(43, 53),
(44, 53),
(45, 53),
(46, 53),
(47, 53),
(48, 53),
(49, 53),
(50, 53),
(51, 53),
(52, 53),
(53, 53),
(54, 53),
(55, 53),
(56, 53),
(57, 53),
(58, 53),
(59, 53),
(60, 53),
(61, 53),
(62, 53),
(63, 53),
(64, 53),
(65, 53),
(66, 53),
(67, 53),
(68, 53),
(69, 53),
(70, 53),
(71, 53),
(72, 53),
(73, 53),
(74, 53),
(75, 53),
(76, 53),
(77, 53),
(78, 53),
(79, 53),
(80, 53),
(81, 53),
(82, 53),
(83, 53),
(84, 53),
(85, 53),
(86, 53),
(87, 53),
(88, 53),
(89, 53),
(90, 53),
(91, 53),
(92, 53),
(93, 53),
(94, 53),
(95, 53),
(96, 53),
(97, 53),
(98, 53),
(99, 53),
(100, 53),
(101, 53),
(102, 53),
(103, 53),
(104, 53),
(105, 53),
(106, 53),
(107, 53),
(108, 53),
(109, 53),
(110, 53),
(111, 53),
(112, 53),
(113, 53),
(114, 53),
(115, 53),
(116, 53),
(117, 53),
(118, 53),
(119, 53),
(120, 53),
(121, 53),
(122, 53),
(123, 53),
(124, 53),
(125, 53),
(126, 53),
(127, 53),
(128, 53),
(130, 53),
(131, 53),
(133, 53),
(134, 53),
(135, 53),
(136, 53),
(137, 53),
(138, 53),
(139, 53),
(140, 53),
(141, 53),
(142, 53),
(143, 53),
(144, 53),
(145, 53),
(146, 53),
(147, 53),
(148, 53),
(149, 53),
(150, 53),
(151, 53),
(1, 54),
(2, 54),
(3, 54),
(4, 54),
(5, 54),
(6, 54),
(7, 54),
(8, 54),
(9, 54),
(12, 54),
(15, 54),
(16, 54),
(17, 54),
(18, 54),
(19, 54),
(20, 54),
(21, 54),
(22, 54),
(23, 54),
(24, 54),
(26, 54),
(27, 54),
(28, 54),
(29, 54),
(30, 54),
(31, 54),
(32, 54),
(33, 54),
(34, 54),
(35, 54),
(36, 54),
(37, 54),
(38, 54),
(39, 54),
(40, 54),
(41, 54),
(42, 54),
(43, 54),
(44, 54),
(45, 54),
(46, 54),
(47, 54),
(49, 54),
(50, 54),
(51, 54),
(52, 54),
(53, 54),
(54, 54),
(55, 54),
(56, 54),
(57, 54),
(58, 54),
(59, 54),
(60, 54),
(61, 54),
(62, 54),
(66, 54),
(67, 54),
(68, 54),
(69, 54),
(70, 54),
(71, 54),
(72, 54),
(73, 54),
(74, 54),
(75, 54),
(76, 54),
(77, 54),
(78, 54),
(79, 54),
(80, 54),
(81, 54),
(82, 54),
(83, 54),
(84, 54),
(85, 54),
(86, 54),
(87, 54),
(88, 54),
(89, 54),
(90, 54),
(91, 54),
(92, 54),
(93, 54),
(94, 54),
(95, 54),
(96, 54),
(97, 54),
(98, 54),
(99, 54),
(100, 54),
(101, 54),
(102, 54),
(103, 54),
(104, 54),
(105, 54),
(108, 54),
(109, 54),
(110, 54),
(111, 54),
(112, 54),
(113, 54),
(114, 54),
(115, 54),
(116, 54),
(117, 54),
(118, 54),
(119, 54),
(120, 54),
(121, 54),
(122, 54),
(123, 54),
(124, 54),
(125, 54),
(126, 54),
(127, 54),
(128, 54),
(130, 54),
(131, 54),
(133, 54),
(134, 54),
(135, 54),
(136, 54),
(137, 54),
(138, 54),
(142, 54),
(143, 54),
(144, 54),
(145, 54),
(146, 54),
(147, 54),
(148, 54),
(149, 54),
(150, 54),
(151, 54),
(29, 55),
(30, 55),
(31, 55),
(32, 55),
(33, 55),
(34, 55),
(108, 55),
(1, 56),
(2, 56),
(3, 56),
(16, 57),
(17, 57),
(18, 57),
(21, 57),
(22, 57),
(123, 57),
(46, 58),
(47, 58),
(4, 59),
(5, 59),
(6, 59),
(7, 59),
(8, 59),
(9, 59),
(19, 59),
(20, 59),
(23, 59),
(24, 59),
(27, 59),
(28, 59),
(37, 59),
(38, 59),
(46, 59),
(47, 59),
(50, 59),
(51, 59),
(56, 59),
(57, 59),
(58, 59),
(59, 59),
(62, 59),
(66, 59),
(67, 59),
(68, 59),
(74, 59),
(75, 59),
(76, 59),
(77, 59),
(78, 59),
(95, 59),
(98, 59),
(99, 59),
(104, 59),
(105, 59),
(106, 59),
(107, 59),
(111, 59),
(112, 59),
(126, 59),
(139, 59),
(140, 59),
(141, 59),
(151, 59),
(151, 60),
(6, 61),
(9, 61),
(23, 61),
(24, 61),
(27, 61),
(28, 61),
(31, 61),
(34, 61),
(50, 61),
(51, 61),
(139, 61),
(151, 61),
(15, 62),
(19, 62),
(20, 62),
(32, 62),
(33, 62),
(56, 62),
(57, 62),
(62, 62),
(66, 62),
(67, 62),
(68, 62),
(11, 64),
(14, 64),
(4, 65),
(5, 65),
(6, 65),
(7, 65),
(8, 65),
(9, 65),
(23, 65),
(24, 65),
(27, 65),
(28, 65),
(31, 65),
(34, 65),
(35, 65),
(36, 65),
(39, 65),
(40, 65),
(74, 65),
(75, 65),
(76, 65),
(118, 65),
(119, 65),
(131, 65),
(139, 65),
(140, 65),
(141, 65),
(149, 65),
(150, 65),
(151, 65),
(1, 66),
(2, 66),
(3, 66),
(4, 66),
(5, 66),
(6, 66),
(7, 66),
(8, 66),
(9, 66),
(12, 66),
(15, 66),
(16, 66),
(17, 66),
(18, 66),
(19, 66),
(20, 66),
(21, 66),
(22, 66),
(23, 66),
(24, 66),
(26, 66),
(27, 66),
(28, 66),
(29, 66),
(30, 66),
(31, 66),
(32, 66),
(33, 66),
(34, 66),
(35, 66),
(36, 66),
(37, 66),
(38, 66),
(39, 66),
(40, 66),
(41, 66),
(42, 66),
(43, 66),
(44, 66),
(45, 66),
(46, 66),
(47, 66),
(49, 66),
(50, 66),
(51, 66),
(52, 66),
(53, 66),
(54, 66),
(55, 66),
(56, 66),
(57, 66),
(58, 66),
(59, 66),
(60, 66),
(61, 66),
(62, 66),
(63, 66),
(64, 66),
(65, 66),
(66, 66),
(67, 66),
(68, 66),
(69, 66),
(70, 66),
(71, 66),
(72, 66),
(73, 66),
(74, 66),
(75, 66),
(76, 66),
(77, 66),
(78, 66),
(79, 66),
(80, 66),
(81, 66),
(82, 66),
(83, 66),
(84, 66),
(85, 66),
(86, 66),
(87, 66),
(88, 66),
(89, 66),
(90, 66),
(91, 66),
(92, 66),
(93, 66),
(94, 66),
(95, 66),
(96, 66),
(97, 66),
(98, 66),
(99, 66),
(100, 66),
(101, 66),
(102, 66),
(103, 66),
(104, 66),
(105, 66),
(106, 66),
(107, 66),
(108, 66),
(109, 66),
(110, 66),
(111, 66),
(112, 66),
(113, 66),
(114, 66),
(115, 66),
(116, 66),
(117, 66),
(118, 66),
(119, 66),
(120, 66),
(121, 66),
(122, 66),
(123, 66),
(124, 66),
(125, 66),
(126, 66),
(127, 66),
(128, 66),
(130, 66),
(131, 66),
(133, 66),
(134, 66),
(135, 66),
(136, 66),
(137, 66),
(138, 66),
(142, 66),
(143, 66),
(144, 66),
(145, 66),
(146, 66),
(147, 66),
(148, 66),
(149, 66),
(150, 66),
(151, 66),
(4, 67),
(5, 67),
(6, 67),
(147, 67),
(148, 67),
(149, 67),
(151, 67),
(4, 69),
(5, 69),
(6, 69),
(37, 69),
(58, 69),
(59, 69),
(77, 69),
(78, 69),
(146, 69),
(1, 71),
(2, 71),
(3, 71),
(4, 71),
(5, 71),
(6, 71),
(7, 71),
(8, 71),
(9, 71),
(19, 71),
(20, 71),
(23, 71),
(24, 71),
(26, 71),
(27, 71),
(28, 71),
(29, 71),
(30, 71),
(31, 71),
(32, 71),
(33, 71),
(34, 71),
(35, 71),
(36, 71),
(37, 71),
(38, 71),
(39, 71),
(40, 71),
(46, 71),
(47, 71),
(50, 71),
(51, 71),
(52, 71),
(53, 71),
(54, 71),
(55, 71),
(56, 71),
(57, 71),
(58, 71),
(59, 71),
(60, 71),
(61, 71),
(62, 71),
(66, 71),
(67, 71),
(68, 71),
(74, 71),
(75, 71),
(76, 71),
(77, 71),
(78, 71),
(79, 71),
(80, 71),
(81, 71),
(82, 71),
(86, 71),
(87, 71),
(88, 71),
(89, 71),
(90, 71),
(91, 71),
(95, 71),
(96, 71),
(97, 71),
(98, 71),
(99, 71),
(100, 71),
(101, 71),
(104, 71),
(105, 71),
(108, 71),
(111, 71),
(112, 71),
(115, 71),
(116, 71),
(117, 71),
(118, 71),
(119, 71),
(125, 71),
(126, 71),
(128, 71),
(131, 71),
(133, 71),
(134, 71),
(135, 71),
(136, 71),
(138, 71),
(143, 71),
(147, 71),
(148, 71),
(149, 71),
(150, 71),
(151, 71),
(27, 73),
(28, 73),
(29, 73),
(30, 73),
(52, 73),
(53, 73),
(1, 74),
(2, 74),
(3, 74),
(4, 74),
(5, 74),
(6, 74),
(21, 74),
(22, 74),
(25, 74),
(26, 74),
(29, 74),
(30, 74),
(35, 74),
(50, 74),
(51, 74),
(52, 74),
(53, 74),
(54, 74),
(55, 74),
(56, 74),
(57, 74),
(58, 74),
(59, 74),
(63, 74),
(64, 74),
(65, 74),
(66, 74),
(67, 74),
(68, 74),
(79, 74),
(80, 74),
(83, 74),
(84, 74),
(85, 74),
(106, 74),
(107, 74),
(115, 74),
(118, 74),
(119, 74),
(123, 74),
(125, 74),
(127, 74),
(128, 74),
(133, 74),
(142, 74),
(7, 76),
(8, 76),
(9, 76),
(19, 77),
(20, 77),
(3, 78),
(6, 78),
(12, 78),
(15, 78),
(18, 78),
(22, 78),
(24, 78),
(26, 78),
(31, 78),
(34, 78),
(36, 78),
(38, 78),
(42, 78),
(45, 78),
(47, 78),
(49, 78),
(51, 78),
(53, 78),
(55, 78),
(57, 78),
(59, 78),
(61, 78),
(62, 78),
(67, 78),
(68, 78),
(71, 78),
(73, 78),
(75, 78),
(76, 78),
(78, 78),
(80, 78),
(82, 78),
(85, 78),
(87, 78),
(89, 78),
(91, 78),
(93, 78),
(94, 78),
(97, 78),
(99, 78),
(101, 78),
(103, 78),
(105, 78),
(110, 78),
(112, 78),
(117, 78),
(119, 78),
(121, 78),
(124, 78),
(130, 78),
(142, 78),
(144, 78),
(145, 78),
(146, 78),
(147, 78),
(148, 78),
(149, 78),
(150, 78),
(151, 78),
(1, 80),
(2, 80),
(3, 80),
(25, 82),
(26, 82),
(125, 82),
(135, 82),
(81, 83),
(82, 83),
(100, 83),
(101, 83),
(4, 84),
(5, 84),
(6, 84),
(37, 84),
(58, 84),
(59, 84),
(77, 84),
(78, 84),
(115, 84),
(126, 84),
(130, 84),
(136, 84),
(7, 86),
(8, 86),
(9, 86),
(19, 86),
(20, 86),
(29, 86),
(30, 86),
(31, 86),
(37, 86),
(38, 86),
(58, 86),
(59, 86),
(60, 86),
(61, 86),
(62, 86),
(77, 86),
(78, 86),
(79, 86),
(80, 86),
(86, 86),
(87, 86),
(88, 86),
(89, 86),
(90, 86),
(91, 86),
(118, 86),
(119, 86),
(131, 86),
(134, 86),
(138, 86),
(139, 86),
(140, 86),
(141, 86),
(143, 86),
(1, 87),
(2, 87),
(3, 87),
(4, 89),
(5, 89),
(6, 89),
(31, 89),
(34, 89),
(35, 89),
(36, 89),
(37, 89),
(38, 89),
(39, 89),
(40, 89),
(54, 89),
(55, 89),
(63, 89),
(64, 89),
(65, 89),
(79, 89),
(80, 89),
(96, 89),
(97, 89),
(146, 89),
(147, 89),
(148, 89),
(149, 89),
(150, 89),
(151, 89),
(4, 90),
(5, 90),
(6, 90),
(21, 90),
(22, 90),
(23, 90),
(24, 90),
(32, 90),
(33, 90),
(83, 90),
(84, 90),
(85, 90),
(142, 90),
(146, 90),
(147, 90),
(148, 90),
(149, 90),
(150, 92),
(1, 93),
(2, 93),
(3, 93),
(12, 93),
(15, 93),
(23, 93),
(24, 93),
(41, 93),
(42, 93),
(43, 93),
(44, 93),
(45, 93),
(46, 93),
(47, 93),
(49, 93),
(69, 93),
(70, 93),
(71, 93),
(72, 93),
(73, 93),
(81, 93),
(82, 93),
(83, 93),
(88, 93),
(89, 93),
(100, 93),
(102, 93),
(103, 93),
(114, 93),
(120, 93),
(121, 93),
(122, 93),
(123, 93),
(124, 93),
(127, 93),
(130, 93),
(131, 93),
(134, 93),
(135, 93),
(136, 93),
(137, 93),
(138, 93),
(151, 93),
(4, 94),
(5, 94),
(6, 94),
(7, 94),
(8, 94),
(9, 94),
(26, 94),
(31, 94),
(34, 94),
(35, 94),
(36, 94),
(39, 94),
(40, 94),
(54, 94),
(55, 94),
(58, 94),
(59, 94),
(115, 94),
(150, 94),
(151, 94),
(4, 95),
(5, 95),
(6, 95),
(7, 95),
(8, 95),
(9, 95),
(26, 95),
(31, 95),
(34, 95),
(35, 95),
(36, 95),
(39, 95),
(40, 95),
(54, 95),
(55, 95),
(58, 95),
(59, 95),
(115, 95),
(150, 95),
(151, 95),
(4, 96),
(5, 96),
(6, 96),
(12, 96),
(15, 96),
(16, 96),
(17, 96),
(18, 96),
(19, 96),
(20, 96),
(21, 96),
(22, 96),
(25, 96),
(26, 96),
(27, 96),
(28, 96),
(37, 96),
(38, 96),
(41, 96),
(42, 96),
(49, 96),
(52, 96),
(53, 96),
(58, 96),
(59, 96),
(83, 96),
(84, 96),
(85, 96),
(108, 96),
(115, 96),
(120, 96),
(121, 96),
(124, 96),
(125, 96),
(126, 96),
(137, 96),
(142, 96),
(144, 96),
(145, 96),
(146, 96),
(147, 96),
(148, 96),
(149, 96),
(150, 96),
(151, 96),
(35, 97),
(36, 97),
(150, 97),
(151, 97),
(1, 98),
(2, 98),
(3, 98),
(4, 98),
(5, 98),
(6, 98),
(7, 98),
(8, 98),
(9, 98),
(12, 98),
(15, 98),
(16, 98),
(17, 98),
(18, 98),
(19, 98),
(20, 98),
(21, 98),
(22, 98),
(23, 98),
(24, 98),
(26, 98),
(27, 98),
(28, 98),
(29, 98),
(30, 98),
(31, 98),
(32, 98),
(33, 98),
(34, 98),
(35, 98),
(36, 98),
(37, 98),
(38, 98),
(39, 98),
(40, 98),
(41, 98),
(42, 98),
(43, 98),
(44, 98),
(45, 98),
(46, 98),
(47, 98),
(48, 98),
(49, 98),
(50, 98),
(51, 98),
(52, 98),
(53, 98),
(54, 98),
(55, 98),
(56, 98),
(57, 98),
(58, 98),
(59, 98),
(60, 98),
(61, 98),
(62, 98),
(63, 98),
(64, 98),
(65, 98),
(66, 98),
(67, 98),
(68, 98),
(69, 98),
(70, 98),
(71, 98),
(72, 98),
(73, 98),
(74, 98),
(75, 98),
(76, 98),
(77, 98),
(78, 98),
(79, 98),
(80, 98),
(81, 98),
(82, 98),
(83, 98),
(84, 98),
(85, 98),
(86, 98),
(87, 98),
(88, 98),
(89, 98),
(90, 98),
(91, 98),
(92, 98),
(93, 98),
(94, 98),
(95, 98),
(96, 98),
(97, 98),
(98, 98),
(99, 98),
(100, 98),
(101, 98),
(102, 98),
(103, 98),
(104, 98),
(105, 98),
(106, 98),
(107, 98),
(108, 98),
(109, 98),
(110, 98),
(111, 98),
(112, 98),
(113, 98),
(114, 98),
(115, 98),
(116, 98),
(117, 98),
(118, 98),
(119, 98),
(120, 98),
(121, 98),
(122, 98),
(123, 98),
(124, 98),
(125, 98),
(126, 98),
(127, 98),
(128, 98),
(130, 98),
(131, 98),
(133, 98),
(134, 98),
(135, 98),
(136, 98),
(137, 98),
(138, 98),
(139, 98),
(140, 98),
(141, 98),
(142, 98),
(143, 98),
(144, 98),
(145, 98),
(146, 98),
(147, 98),
(148, 98),
(149, 98),
(150, 98),
(151, 98),
(7, 99),
(8, 99),
(9, 99),
(29, 99),
(30, 99),
(41, 99),
(42, 99),
(52, 99),
(53, 99),
(60, 99),
(61, 99),
(62, 99),
(63, 99),
(64, 99),
(65, 99),
(79, 99),
(80, 99),
(86, 99),
(87, 99),
(90, 99),
(91, 99),
(98, 99),
(99, 99),
(108, 99),
(116, 99),
(117, 99),
(118, 99),
(119, 99),
(150, 100),
(41, 101),
(42, 101),
(4, 102),
(25, 102),
(26, 102),
(35, 102),
(36, 102),
(39, 102),
(40, 102),
(113, 102),
(125, 102),
(147, 102),
(148, 102),
(149, 102),
(150, 102),
(151, 102),
(151, 103),
(35, 105),
(113, 105),
(107, 106),
(12, 107),
(43, 107),
(44, 107),
(45, 107),
(46, 107),
(47, 107),
(48, 107),
(49, 107),
(69, 107),
(70, 107),
(71, 107),
(72, 107),
(73, 107),
(79, 107),
(80, 107),
(92, 107),
(93, 107),
(94, 107),
(102, 107),
(103, 107),
(114, 107),
(106, 108),
(63, 109),
(64, 109),
(65, 109),
(79, 109),
(80, 109),
(96, 109),
(97, 109),
(106, 109),
(107, 109),
(106, 110),
(30, 111),
(31, 111),
(32, 111),
(33, 111),
(34, 111),
(56, 111),
(57, 111),
(148, 111),
(149, 111),
(151, 111),
(21, 112),
(22, 112),
(21, 113),
(22, 113),
(146, 113),
(13, 114),
(23, 114),
(24, 114),
(27, 114),
(28, 114),
(29, 114),
(30, 114),
(31, 114),
(32, 114),
(33, 114),
(34, 114),
(88, 114),
(89, 114),
(104, 114),
(105, 114),
(109, 114),
(110, 114),
(139, 114),
(15, 115),
(7, 117),
(8, 117),
(9, 117),
(19, 117),
(20, 117),
(30, 117),
(31, 117),
(33, 117),
(34, 117),
(35, 117),
(36, 117),
(39, 117),
(40, 117),
(52, 117),
(53, 117),
(54, 117),
(55, 117),
(60, 117),
(61, 117),
(62, 117),
(86, 117),
(87, 117),
(90, 117),
(91, 117),
(98, 117),
(99, 117),
(118, 117),
(119, 117),
(139, 117),
(147, 117),
(148, 117),
(149, 117),
(150, 117),
(151, 117),
(1, 118),
(2, 118),
(3, 118),
(7, 118),
(8, 118),
(9, 118),
(10, 118),
(19, 118),
(20, 118),
(29, 118),
(30, 118),
(31, 118),
(32, 118),
(33, 118),
(34, 118),
(48, 118),
(49, 118),
(60, 118),
(61, 118),
(62, 118),
(79, 118),
(80, 118),
(86, 118),
(87, 118),
(90, 118),
(91, 118),
(139, 118),
(144, 118),
(145, 118),
(1, 120),
(2, 120),
(3, 120),
(12, 120),
(43, 120),
(44, 120),
(45, 120),
(48, 120),
(49, 120),
(69, 120),
(70, 120),
(71, 120),
(102, 120),
(103, 120),
(118, 120),
(119, 120),
(120, 120),
(121, 120),
(137, 120),
(12, 121),
(35, 121),
(36, 121),
(39, 121),
(40, 121),
(48, 121),
(49, 121),
(113, 121),
(150, 121),
(151, 121),
(12, 122),
(48, 122),
(49, 122),
(120, 122),
(121, 122),
(122, 122),
(12, 123),
(35, 123),
(36, 123),
(39, 123),
(40, 123),
(48, 123),
(49, 123),
(63, 123),
(64, 123),
(65, 123),
(92, 123),
(93, 123),
(94, 123),
(96, 123),
(97, 123),
(113, 123),
(121, 123),
(122, 123),
(124, 123),
(137, 123),
(150, 123),
(151, 123),
(63, 126),
(64, 126),
(65, 126),
(79, 126),
(80, 126),
(92, 126),
(93, 126),
(94, 126),
(96, 126),
(97, 126),
(19, 129),
(20, 129),
(26, 129),
(29, 129),
(30, 129),
(31, 129),
(32, 129),
(33, 129),
(34, 129),
(35, 129),
(36, 129),
(39, 129),
(40, 129),
(52, 129),
(53, 129),
(54, 129),
(55, 129),
(56, 129),
(57, 129),
(60, 129),
(61, 129),
(62, 129),
(66, 129),
(67, 129),
(68, 129),
(79, 129),
(80, 129),
(98, 129),
(99, 129),
(108, 129),
(125, 129),
(128, 129),
(143, 129),
(147, 129),
(148, 129),
(149, 129),
(150, 129),
(151, 129),
(7, 131),
(8, 131),
(9, 131),
(19, 131),
(20, 131),
(30, 131),
(31, 131),
(33, 131),
(34, 131),
(35, 131),
(36, 131),
(39, 131),
(40, 131),
(52, 131),
(53, 131),
(54, 131),
(55, 131),
(86, 131),
(87, 131),
(90, 131),
(91, 131),
(115, 131),
(118, 131),
(119, 131),
(139, 131),
(147, 131),
(148, 131),
(149, 131),
(150, 131),
(151, 131),
(37, 132),
(41, 132),
(42, 132),
(58, 132),
(59, 132),
(63, 132),
(64, 132),
(65, 132),
(77, 132),
(78, 132),
(81, 132),
(82, 132),
(83, 132),
(96, 132),
(97, 132),
(100, 132),
(101, 132),
(108, 132),
(118, 132),
(119, 132),
(7, 133),
(8, 133),
(9, 133),
(30, 133),
(31, 133),
(33, 133),
(34, 133),
(35, 133),
(36, 133),
(39, 133),
(40, 133),
(54, 133),
(55, 133),
(86, 133),
(87, 133),
(90, 133),
(91, 133),
(115, 133),
(118, 133),
(119, 133),
(139, 133),
(144, 133),
(147, 133),
(148, 133),
(149, 133),
(150, 133),
(151, 133),
(1, 134),
(2, 134),
(3, 134),
(12, 134),
(36, 134),
(39, 134),
(40, 134),
(43, 134),
(44, 134),
(45, 134),
(46, 134),
(47, 134),
(49, 134),
(69, 134),
(70, 134),
(71, 134),
(72, 134),
(73, 134),
(79, 134),
(80, 134),
(81, 134),
(82, 134),
(83, 134),
(100, 134),
(102, 134),
(103, 134),
(114, 134),
(120, 134),
(121, 134),
(122, 134),
(123, 134),
(124, 134),
(131, 134),
(134, 134),
(135, 134),
(136, 134),
(137, 134),
(138, 134),
(150, 134),
(151, 134),
(150, 135),
(35, 136),
(36, 136),
(1, 137),
(2, 137),
(3, 137),
(4, 137),
(5, 137),
(6, 137),
(7, 137),
(8, 137),
(9, 137),
(12, 137),
(15, 137),
(16, 137),
(17, 137),
(18, 137),
(26, 137),
(29, 137),
(30, 137),
(31, 137),
(32, 137),
(33, 137),
(34, 137),
(35, 137),
(36, 137),
(37, 137),
(38, 137),
(39, 137),
(40, 137),
(43, 137),
(44, 137),
(45, 137),
(46, 137),
(47, 137),
(48, 137),
(49, 137),
(54, 137),
(55, 137),
(56, 137),
(57, 137),
(58, 137),
(59, 137),
(60, 137),
(61, 137),
(62, 137),
(63, 137),
(64, 137),
(65, 137),
(66, 137),
(67, 137),
(68, 137),
(69, 137),
(70, 137),
(71, 137),
(72, 137),
(73, 137),
(74, 137),
(75, 137),
(76, 137),
(77, 137),
(78, 137),
(79, 137),
(80, 137),
(81, 137),
(82, 137),
(83, 137),
(84, 137),
(85, 137),
(86, 137),
(87, 137),
(88, 137),
(89, 137),
(90, 137),
(91, 137),
(92, 137),
(93, 137),
(94, 137),
(95, 137),
(96, 137),
(97, 137),
(98, 137),
(99, 137),
(100, 137),
(101, 137),
(102, 137),
(103, 137),
(104, 137),
(105, 137),
(106, 137),
(107, 137),
(108, 137),
(109, 137),
(110, 137),
(111, 137),
(112, 137),
(113, 137),
(114, 137),
(115, 137),
(116, 137),
(117, 137),
(118, 137),
(119, 137),
(120, 137),
(121, 137),
(122, 137),
(123, 137),
(124, 137),
(125, 137),
(126, 137),
(127, 137),
(128, 137),
(130, 137),
(131, 137),
(133, 137),
(134, 137),
(135, 137),
(136, 137),
(137, 137),
(138, 137),
(139, 137),
(141, 137),
(143, 137),
(144, 137),
(145, 137),
(146, 137),
(147, 137),
(148, 137),
(149, 137),
(150, 137),
(151, 137),
(7, 138),
(8, 138),
(9, 138),
(139, 138),
(140, 138),
(141, 138),
(12, 139),
(16, 139),
(17, 139),
(18, 139),
(21, 139),
(22, 139),
(41, 139),
(42, 139),
(49, 139),
(120, 139),
(121, 139),
(146, 139),
(151, 139),
(109, 140),
(110, 140),
(35, 142),
(39, 142),
(40, 142),
(37, 143),
(38, 143),
(129, 144),
(34, 145),
(4, 146),
(5, 146),
(6, 146),
(7, 146),
(8, 146),
(9, 146),
(26, 146),
(27, 146),
(28, 146),
(31, 146),
(34, 146),
(35, 146),
(36, 146),
(39, 146),
(40, 146),
(55, 146),
(63, 146),
(64, 146),
(65, 146),
(104, 146),
(105, 146),
(106, 146),
(107, 146),
(115, 146),
(142, 146),
(143, 146),
(150, 146),
(151, 146),
(1, 147),
(2, 147),
(3, 147),
(12, 147),
(43, 147),
(44, 147),
(45, 147),
(48, 147),
(49, 147),
(69, 147),
(70, 147),
(71, 147),
(102, 147),
(103, 147),
(123, 147),
(4, 148),
(5, 148),
(6, 148),
(7, 148),
(8, 148),
(9, 148),
(26, 148),
(27, 148),
(28, 148),
(31, 148),
(34, 148),
(35, 148),
(36, 148),
(39, 148),
(40, 148),
(55, 148),
(63, 148),
(64, 148),
(65, 148),
(104, 148),
(105, 148),
(106, 148),
(107, 148),
(115, 148),
(150, 148),
(151, 148),
(19, 149),
(20, 149),
(12, 150),
(41, 150),
(42, 150),
(48, 150),
(49, 150),
(72, 150),
(73, 150),
(92, 150),
(93, 150),
(94, 150),
(7, 151),
(8, 151),
(9, 151),
(31, 151),
(34, 151),
(134, 151),
(138, 151),
(147, 151),
(148, 151),
(149, 151),
(151, 151),
(1, 152),
(2, 152),
(3, 152),
(5, 152),
(6, 152),
(7, 152),
(8, 152),
(9, 152),
(12, 152),
(15, 152),
(16, 152),
(17, 152),
(18, 152),
(19, 152),
(20, 152),
(21, 152),
(22, 152),
(23, 152),
(24, 152),
(26, 152),
(27, 152),
(28, 152),
(29, 152),
(30, 152),
(31, 152),
(32, 152),
(33, 152),
(34, 152),
(35, 152),
(36, 152),
(37, 152),
(38, 152),
(39, 152),
(40, 152),
(41, 152),
(42, 152),
(43, 152),
(44, 152),
(45, 152),
(46, 152),
(47, 152),
(48, 152),
(49, 152),
(50, 152),
(51, 152),
(52, 152),
(53, 152),
(54, 152),
(55, 152),
(56, 152),
(57, 152),
(58, 152),
(59, 152),
(60, 152),
(61, 152),
(62, 152),
(63, 152),
(64, 152),
(65, 152),
(66, 152),
(67, 152),
(68, 152),
(69, 152),
(70, 152),
(71, 152),
(72, 152),
(73, 152),
(74, 152),
(75, 152),
(76, 152),
(77, 152),
(78, 152),
(79, 152),
(80, 152),
(81, 152),
(82, 152),
(83, 152),
(84, 152),
(85, 152),
(86, 152),
(87, 152),
(88, 152),
(89, 152),
(90, 152),
(91, 152),
(92, 152),
(93, 152),
(94, 152),
(95, 152),
(96, 152),
(97, 152),
(98, 152),
(99, 152),
(100, 152),
(101, 152),
(102, 152),
(103, 152),
(104, 152),
(105, 152),
(106, 152),
(107, 152),
(108, 152),
(109, 152),
(110, 152),
(111, 152),
(112, 152),
(113, 152),
(114, 152),
(115, 152),
(116, 152),
(117, 152),
(118, 152),
(119, 152),
(120, 152),
(121, 152),
(122, 152),
(123, 152),
(124, 152),
(125, 152),
(126, 152),
(127, 152),
(128, 152),
(130, 152),
(131, 152),
(133, 152),
(134, 152),
(135, 152),
(136, 152),
(137, 152),
(138, 152),
(139, 152),
(140, 152),
(141, 152),
(142, 152),
(143, 152),
(144, 152),
(145, 152),
(146, 152),
(147, 152),
(148, 152),
(149, 152),
(150, 152),
(151, 152),
(12, 153),
(35, 153),
(36, 153),
(39, 153),
(40, 153),
(49, 153),
(63, 153),
(64, 153),
(65, 153),
(96, 153),
(97, 153),
(113, 153),
(121, 153),
(124, 153),
(137, 153),
(150, 153),
(151, 153),
(138, 154),
(6, 155),
(9, 155),
(23, 155),
(24, 155),
(27, 155),
(28, 155),
(31, 155),
(34, 155),
(50, 155),
(51, 155),
(74, 155),
(75, 155),
(76, 155),
(95, 155),
(104, 155),
(105, 155),
(106, 155),
(107, 155),
(111, 155),
(112, 155),
(139, 155),
(151, 155),
(16, 157),
(17, 157),
(18, 157),
(1, 158),
(2, 158),
(3, 158),
(4, 158),
(5, 158),
(6, 158),
(7, 158),
(8, 158),
(9, 158),
(12, 158),
(15, 158),
(16, 158),
(17, 158),
(18, 158),
(19, 158),
(20, 158),
(21, 158),
(22, 158),
(23, 158),
(24, 158),
(26, 158),
(27, 158),
(28, 158),
(29, 158),
(30, 158),
(31, 158),
(32, 158),
(33, 158),
(34, 158),
(35, 158),
(36, 158),
(37, 158),
(38, 158),
(39, 158),
(40, 158),
(41, 158),
(42, 158),
(43, 158),
(44, 158),
(45, 158),
(46, 158),
(47, 158),
(49, 158),
(50, 158),
(51, 158),
(52, 158),
(53, 158),
(54, 158),
(55, 158),
(56, 158),
(57, 158),
(58, 158),
(59, 158),
(60, 158),
(61, 158),
(62, 158),
(66, 158),
(67, 158),
(68, 158),
(69, 158),
(70, 158),
(71, 158),
(72, 158),
(73, 158),
(74, 158),
(75, 158),
(76, 158),
(77, 158),
(78, 158),
(79, 158),
(80, 158),
(81, 158),
(82, 158),
(83, 158),
(84, 158),
(85, 158),
(86, 158),
(87, 158),
(88, 158),
(89, 158),
(90, 158),
(91, 158),
(92, 158),
(93, 158),
(94, 158),
(95, 158),
(96, 158),
(97, 158),
(98, 158),
(99, 158),
(100, 158),
(101, 158),
(102, 158),
(103, 158),
(104, 158),
(105, 158),
(108, 158),
(109, 158),
(110, 158),
(111, 158),
(112, 158),
(114, 158),
(115, 158),
(116, 158),
(117, 158),
(118, 158),
(119, 158),
(120, 158),
(121, 158),
(122, 158),
(123, 158),
(124, 158),
(125, 158),
(126, 158),
(127, 158),
(128, 158),
(130, 158),
(131, 158),
(133, 158),
(134, 158),
(135, 158),
(136, 158),
(137, 158),
(138, 158),
(142, 158),
(143, 158),
(144, 158),
(145, 158),
(146, 158),
(147, 158),
(148, 158),
(149, 158),
(150, 158),
(151, 158),
(132, 159),
(151, 159),
(35, 160),
(36, 160),
(39, 160),
(40, 160),
(150, 160),
(151, 160),
(19, 161),
(20, 161),
(25, 161),
(26, 161),
(29, 161),
(30, 161),
(31, 161),
(32, 161),
(33, 161),
(34, 161),
(35, 161),
(36, 161),
(39, 161),
(40, 161),
(52, 161),
(53, 161),
(54, 161),
(55, 161),
(56, 161),
(57, 161),
(60, 161),
(61, 161),
(62, 161),
(66, 161),
(67, 161),
(68, 161),
(79, 161),
(80, 161),
(98, 161),
(99, 161),
(108, 161),
(125, 161),
(128, 161),
(143, 161),
(145, 161),
(147, 161),
(148, 161),
(149, 161),
(150, 161),
(151, 161),
(1, 162),
(2, 162),
(3, 162),
(4, 162),
(5, 162),
(6, 162),
(7, 162),
(8, 162),
(9, 162),
(12, 162),
(15, 162),
(16, 162),
(17, 162),
(18, 162),
(19, 162),
(20, 162),
(21, 162),
(22, 162),
(23, 162),
(24, 162),
(26, 162),
(27, 162),
(28, 162),
(29, 162),
(30, 162),
(31, 162),
(32, 162),
(33, 162),
(34, 162),
(35, 162),
(36, 162),
(37, 162),
(38, 162),
(39, 162),
(40, 162),
(41, 162),
(42, 162),
(43, 162),
(44, 162),
(45, 162),
(46, 162),
(47, 162),
(48, 162),
(49, 162),
(50, 162),
(51, 162),
(52, 162),
(53, 162),
(54, 162),
(55, 162),
(56, 162),
(57, 162),
(58, 162),
(59, 162),
(60, 162),
(61, 162),
(62, 162),
(63, 162),
(64, 162),
(65, 162),
(66, 162),
(67, 162),
(68, 162),
(69, 162),
(70, 162),
(71, 162),
(72, 162),
(73, 162),
(74, 162),
(75, 162),
(76, 162),
(77, 162),
(78, 162),
(79, 162),
(80, 162),
(81, 162),
(82, 162),
(83, 162),
(84, 162),
(85, 162),
(86, 162),
(87, 162),
(88, 162),
(89, 162),
(90, 162),
(91, 162),
(92, 162),
(93, 162),
(94, 162),
(95, 162),
(96, 162),
(97, 162),
(98, 162),
(99, 162),
(100, 162),
(101, 162),
(102, 162),
(103, 162),
(104, 162),
(105, 162),
(106, 162),
(107, 162),
(108, 162),
(109, 162),
(110, 162),
(111, 162),
(112, 162),
(113, 162),
(114, 162),
(115, 162),
(116, 162),
(117, 162),
(118, 162),
(119, 162),
(120, 162),
(121, 162),
(122, 162),
(123, 162),
(124, 162),
(125, 162),
(126, 162),
(127, 162),
(128, 162),
(130, 162),
(131, 162),
(133, 162),
(134, 162),
(135, 162),
(136, 162),
(137, 162),
(138, 162),
(139, 162),
(140, 162),
(141, 162),
(142, 162),
(143, 162),
(144, 162),
(145, 162),
(146, 162),
(147, 162),
(148, 162),
(149, 162),
(150, 162),
(151, 162),
(7, 163),
(8, 163),
(9, 163),
(19, 163),
(20, 163),
(29, 163),
(30, 163),
(31, 163),
(32, 163),
(33, 163),
(34, 163),
(35, 163),
(36, 163),
(39, 163),
(40, 163),
(54, 163),
(55, 163),
(118, 163),
(119, 163),
(139, 163),
(144, 163),
(147, 163),
(148, 163),
(149, 163),
(150, 163),
(151, 163),
(12, 164),
(16, 164),
(17, 164),
(18, 164),
(21, 164),
(22, 164),
(41, 164),
(42, 164),
(49, 164),
(83, 164),
(84, 164),
(85, 164),
(142, 164),
(146, 164),
(149, 164),
(151, 164),
(6, 165),
(16, 165),
(17, 165),
(18, 165),
(21, 165),
(22, 165),
(142, 165),
(144, 165),
(145, 165),
(146, 165),
(151, 165);

-- --------------------------------------------------------

--
-- Estructura de tabla para la tabla `publicacio`
--

DROP TABLE IF EXISTS `publicacio`;
CREATE TABLE IF NOT EXISTS `publicacio` (
  `ID_publicacio` int(11) NOT NULL AUTO_INCREMENT,
  `num_vots` int(11) NOT NULL,
  `publicat` tinyint(1) NOT NULL,
  `fk_equipPokemon` int(11) NOT NULL,
  `fk_ID_usuari` int(11) NOT NULL,
  PRIMARY KEY (`ID_publicacio`),
  KEY `fk_id_equipPokemon` (`fk_equipPokemon`),
  KEY `fk_id_usuari` (`fk_ID_usuari`)
) ENGINE=InnoDB AUTO_INCREMENT=3 DEFAULT CHARSET=utf8mb4 COLLATE=utf8mb4_spanish2_ci;

--
-- Volcado de datos para la tabla `publicacio`
--

INSERT INTO `publicacio` (`ID_publicacio`, `num_vots`, `publicat`, `fk_equipPokemon`, `fk_ID_usuari`) VALUES
(2, 0, 1, 7, 1);

-- --------------------------------------------------------

--
-- Estructura de tabla para la tabla `tipos`
--

DROP TABLE IF EXISTS `tipos`;
CREATE TABLE IF NOT EXISTS `tipos` (
  `ID_tipos` int(11) NOT NULL AUTO_INCREMENT,
  `nom` varchar(200) CHARACTER SET latin1 NOT NULL,
  PRIMARY KEY (`ID_tipos`)
) ENGINE=InnoDB AUTO_INCREMENT=16 DEFAULT CHARSET=utf8mb4 COLLATE=utf8mb4_spanish2_ci;

--
-- Volcado de datos para la tabla `tipos`
--

INSERT INTO `tipos` (`ID_tipos`, `nom`) VALUES
(1, 'normal'),
(2, 'planta'),
(3, 'fuego'),
(4, 'agua'),
(5, 'lucha'),
(6, 'bicho'),
(7, 'veneno'),
(8, 'psiquico'),
(9, 'fantasma'),
(10, 'electrico'),
(11, 'hielo'),
(12, 'dragon'),
(13, 'roca'),
(14, 'tierra'),
(15, 'volador');

-- --------------------------------------------------------

--
-- Estructura de tabla para la tabla `usuaris`
--

DROP TABLE IF EXISTS `usuaris`;
CREATE TABLE IF NOT EXISTS `usuaris` (
  `ID_usuari` int(11) NOT NULL AUTO_INCREMENT,
  `nom` varchar(200) CHARACTER SET latin1 NOT NULL,
  `apodo` varchar(200) CHARACTER SET latin1 NOT NULL,
  `imatge` varchar(500) CHARACTER SET latin1 NOT NULL,
  `email` varchar(200) CHARACTER SET latin1 NOT NULL,
  `contrasenya` varchar(200) CHARACTER SET latin1 NOT NULL,
  `admin` tinyint(1) NOT NULL,
  `suscripcio` varchar(200) CHARACTER SET latin1 NOT NULL,
  PRIMARY KEY (`ID_usuari`)
) ENGINE=InnoDB AUTO_INCREMENT=3 DEFAULT CHARSET=utf8mb4 COLLATE=utf8mb4_spanish2_ci;

--
-- Volcado de datos para la tabla `usuaris`
--

INSERT INTO `usuaris` (`ID_usuari`, `nom`, `apodo`, `imatge`, `email`, `contrasenya`, `admin`, `suscripcio`) VALUES
(1, 'Jordi', 'Kento27', '../../IMG/Pokemons/094.png', 'jordijoaral@gmail.com', '$2y$10$IkY6uE2SztmP90NGGuFAke.tdgsTH07oBYmU8MvJq9wPoVWVak6N6', 0, 'Gratis'),
(2, 'prova', 'apodoProva', '../../IMG/Pokemons/001.png', 'prova@gmail.com', 'prova', 0, 'Gratis');

--
-- Restricciones para tablas volcadas
--

--
-- Filtros para la tabla `1er_pokemon`
--
ALTER TABLE `1er_pokemon`
  ADD CONSTRAINT `fk_pk1_mv1` FOREIGN KEY (`fk_mov1`) REFERENCES `moviments` (`ID_moviment`) ON DELETE CASCADE,
  ADD CONSTRAINT `fk_pk1_mv2` FOREIGN KEY (`fk_mov2`) REFERENCES `moviments` (`ID_moviment`) ON DELETE CASCADE,
  ADD CONSTRAINT `fk_pk1_mv3` FOREIGN KEY (`fk_mov3`) REFERENCES `moviments` (`ID_moviment`) ON DELETE CASCADE,
  ADD CONSTRAINT `fk_pk1_mv4` FOREIGN KEY (`fk_mov4`) REFERENCES `moviments` (`ID_moviment`) ON DELETE CASCADE,
  ADD CONSTRAINT `fk_pkmn1` FOREIGN KEY (`fk_pokemon`) REFERENCES `pokedex` (`ID_pokedex`) ON DELETE CASCADE;

--
-- Filtros para la tabla `2on_pokemon`
--
ALTER TABLE `2on_pokemon`
  ADD CONSTRAINT `fk_pk2_mv1` FOREIGN KEY (`fk_mov1`) REFERENCES `moviments` (`ID_moviment`) ON DELETE CASCADE,
  ADD CONSTRAINT `fk_pk2_mv2` FOREIGN KEY (`fk_mov2`) REFERENCES `moviments` (`ID_moviment`) ON DELETE CASCADE,
  ADD CONSTRAINT `fk_pk2_mv3` FOREIGN KEY (`fk_mov3`) REFERENCES `moviments` (`ID_moviment`) ON DELETE CASCADE,
  ADD CONSTRAINT `fk_pk2_mv4` FOREIGN KEY (`fk_mov4`) REFERENCES `moviments` (`ID_moviment`) ON DELETE CASCADE,
  ADD CONSTRAINT `fk_pkmn2` FOREIGN KEY (`fk_pokemon`) REFERENCES `pokedex` (`ID_pokedex`) ON DELETE CASCADE;

--
-- Filtros para la tabla `3er_pokemon`
--
ALTER TABLE `3er_pokemon`
  ADD CONSTRAINT `fk_pk3_mv1` FOREIGN KEY (`fk_mov1`) REFERENCES `moviments` (`ID_moviment`) ON DELETE CASCADE,
  ADD CONSTRAINT `fk_pk3_mv2` FOREIGN KEY (`fk_mov2`) REFERENCES `moviments` (`ID_moviment`) ON DELETE CASCADE,
  ADD CONSTRAINT `fk_pk3_mv3` FOREIGN KEY (`fk_mov3`) REFERENCES `moviments` (`ID_moviment`) ON DELETE CASCADE,
  ADD CONSTRAINT `fk_pk3_mv4` FOREIGN KEY (`fk_mov4`) REFERENCES `moviments` (`ID_moviment`) ON DELETE CASCADE,
  ADD CONSTRAINT `fk_pkmn3` FOREIGN KEY (`fk_pokemon`) REFERENCES `pokedex` (`ID_pokedex`) ON DELETE CASCADE;

--
-- Filtros para la tabla `4rt_pokemon`
--
ALTER TABLE `4rt_pokemon`
  ADD CONSTRAINT `fk_pk4_mv1` FOREIGN KEY (`fk_mov1`) REFERENCES `moviments` (`ID_moviment`) ON DELETE CASCADE,
  ADD CONSTRAINT `fk_pk4_mv2` FOREIGN KEY (`fk_mov2`) REFERENCES `moviments` (`ID_moviment`) ON DELETE CASCADE,
  ADD CONSTRAINT `fk_pk4_mv3` FOREIGN KEY (`fk_mov3`) REFERENCES `moviments` (`ID_moviment`) ON DELETE CASCADE,
  ADD CONSTRAINT `fk_pk4_mv4` FOREIGN KEY (`fk_mov4`) REFERENCES `moviments` (`ID_moviment`) ON DELETE CASCADE,
  ADD CONSTRAINT `fk_pkmn4` FOREIGN KEY (`fk_pokemon`) REFERENCES `pokedex` (`ID_pokedex`) ON DELETE CASCADE;

--
-- Filtros para la tabla `5e_pokemon`
--
ALTER TABLE `5e_pokemon`
  ADD CONSTRAINT `fk_pk5_mv1` FOREIGN KEY (`fk_mov1`) REFERENCES `moviments` (`ID_moviment`) ON DELETE CASCADE,
  ADD CONSTRAINT `fk_pk5_mv2` FOREIGN KEY (`fk_mov2`) REFERENCES `moviments` (`ID_moviment`) ON DELETE CASCADE,
  ADD CONSTRAINT `fk_pk5_mv3` FOREIGN KEY (`fk_mov3`) REFERENCES `moviments` (`ID_moviment`) ON DELETE CASCADE,
  ADD CONSTRAINT `fk_pk5_mv4` FOREIGN KEY (`fk_mov4`) REFERENCES `moviments` (`ID_moviment`) ON DELETE CASCADE,
  ADD CONSTRAINT `fk_pkmn5` FOREIGN KEY (`fk_pokemon`) REFERENCES `pokedex` (`ID_pokedex`) ON DELETE CASCADE;

--
-- Filtros para la tabla `6e_pokemon`
--
ALTER TABLE `6e_pokemon`
  ADD CONSTRAINT `fk_pk6_mv1` FOREIGN KEY (`fk_mov1`) REFERENCES `moviments` (`ID_moviment`) ON DELETE CASCADE,
  ADD CONSTRAINT `fk_pk6_mv2` FOREIGN KEY (`fk_mov2`) REFERENCES `moviments` (`ID_moviment`) ON DELETE CASCADE,
  ADD CONSTRAINT `fk_pk6_mv3` FOREIGN KEY (`fk_mov3`) REFERENCES `moviments` (`ID_moviment`) ON DELETE CASCADE,
  ADD CONSTRAINT `fk_pk6_mv4` FOREIGN KEY (`fk_mov4`) REFERENCES `moviments` (`ID_moviment`) ON DELETE CASCADE,
  ADD CONSTRAINT `fk_pkmn6` FOREIGN KEY (`fk_pokemon`) REFERENCES `pokedex` (`ID_pokedex`) ON DELETE CASCADE;

--
-- Filtros para la tabla `efectivitat`
--
ALTER TABLE `efectivitat`
  ADD CONSTRAINT `fk_TipoAtac` FOREIGN KEY (`ID_tipoAt`) REFERENCES `tipos` (`ID_tipos`),
  ADD CONSTRAINT `fk_TipoDef` FOREIGN KEY (`ID_tipoDe`) REFERENCES `tipos` (`ID_tipos`);

--
-- Filtros para la tabla `equips_pokemon`
--
ALTER TABLE `equips_pokemon`
  ADD CONSTRAINT `fk_1r` FOREIGN KEY (`fk_1er_pokemon`) REFERENCES `1er_pokemon` (`ID_1erPokemon`) ON DELETE CASCADE,
  ADD CONSTRAINT `fk_2n` FOREIGN KEY (`fk_2on_pokemon`) REFERENCES `2on_pokemon` (`ID_1erPokemon`) ON DELETE CASCADE,
  ADD CONSTRAINT `fk_3r` FOREIGN KEY (`fk_3er_pokemon`) REFERENCES `3er_pokemon` (`ID_1erPokemon`) ON DELETE CASCADE,
  ADD CONSTRAINT `fk_4t` FOREIGN KEY (`fk_4rt_pokemon`) REFERENCES `4rt_pokemon` (`ID_1erPokemon`) ON DELETE CASCADE,
  ADD CONSTRAINT `fk_5e` FOREIGN KEY (`fk_5e_pokemon`) REFERENCES `5e_pokemon` (`ID_1erPokemon`) ON DELETE CASCADE,
  ADD CONSTRAINT `fk_6e` FOREIGN KEY (`fk_6e_pokemon`) REFERENCES `6e_pokemon` (`ID_1erPokemon`) ON DELETE CASCADE,
  ADD CONSTRAINT `fk_usr` FOREIGN KEY (`fk_usuari`) REFERENCES `usuaris` (`ID_usuari`) ON DELETE CASCADE;

--
-- Filtros para la tabla `moviments`
--
ALTER TABLE `moviments`
  ADD CONSTRAINT `fk_tipo` FOREIGN KEY (`id_tipo`) REFERENCES `tipos` (`ID_tipos`);

--
-- Filtros para la tabla `pokedex`
--
ALTER TABLE `pokedex`
  ADD CONSTRAINT `fk_tipo1` FOREIGN KEY (`tipo1`) REFERENCES `tipos` (`ID_tipos`) ON DELETE CASCADE,
  ADD CONSTRAINT `fk_tipo2` FOREIGN KEY (`tipo2`) REFERENCES `tipos` (`ID_tipos`) ON DELETE CASCADE;

--
-- Filtros para la tabla `pokemon_moviments`
--
ALTER TABLE `pokemon_moviments`
  ADD CONSTRAINT `fk_pokemon_moviment_moviment` FOREIGN KEY (`ID_moviment`) REFERENCES `moviments` (`ID_moviment`) ON DELETE CASCADE,
  ADD CONSTRAINT `fk_pokemon_moviment_pokemon` FOREIGN KEY (`ID_pokemon`) REFERENCES `pokedex` (`ID_pokedex`) ON DELETE CASCADE;

--
-- Filtros para la tabla `publicacio`
--
ALTER TABLE `publicacio`
  ADD CONSTRAINT `fk_id_equipPokemon` FOREIGN KEY (`fk_equipPokemon`) REFERENCES `equips_pokemon` (`ID_equipsPokemon`) ON DELETE CASCADE,
  ADD CONSTRAINT `fk_id_usuari` FOREIGN KEY (`fk_ID_usuari`) REFERENCES `usuaris` (`ID_usuari`) ON DELETE CASCADE;
COMMIT;

/*!40101 SET CHARACTER_SET_CLIENT=@OLD_CHARACTER_SET_CLIENT */;
/*!40101 SET CHARACTER_SET_RESULTS=@OLD_CHARACTER_SET_RESULTS */;
/*!40101 SET COLLATION_CONNECTION=@OLD_COLLATION_CONNECTION */;
